path_idx	node_id	LCA	label	event	count	C_A	C_B	M_B_A	m_1	m_4
0	1	21	B=[b1,b1,b2,b2]	C_B	1	0	6	4	4	0
0	44	21	B=[b1+b1,b2,b2]	C_B	2	0	3	3	2	1
0	31	21	B=[b1+b1+b2,b2]	M_B_A	1	0	1	2	1	0
0	22	21	A=[b1+b1+b2];B=[b2]	M_B_A	1	0	0	1	1	0
0	21	21	A=[b1+b1+b2,b2]	C_A	1	1	0	0	1	0
1	1	21	B=[b1,b1,b2,b2]	C_B	1	0	6	4	4	0
1	44	21	B=[b1+b1,b2,b2]	C_B	2	0	3	3	2	1
1	33	21	B=[b1+b1+b2,b2]	M_B_A	1	0	1	2	1	0
1	22	21	A=[b2];B=[b1+b1+b2]	M_B_A	1	0	0	1	1	0
1	21	21	A=[b1+b1+b2,b2]	C_A	1	1	0	0	1	0
2	1	21	B=[b1,b1,b2,b2]	C_B	1	0	6	4	4	0
2	41	21	B=[b1+b1,b2,b2]	C_B	1	0	3	3	2	1
2	39	21	B=[b1+b1,b2+b2]	M_B_A	1	0	1	2	0	2
2	19	21	A=[b1+b1];B=[b2+b2]	M_B_A	1	0	0	1	0	2
2	21	21	A=[b1+b1,b2+b2]	C_A	1	1	0	0	0	2
3	1	21	B=[b1,b1,b2,b2]	C_B	1	0	6	4	4	0
3	41	21	B=[b1+b1,b2,b2]	C_B	1	0	3	3	2	1
3	25	21	B=[b1+b1,b2+b2]	M_B_A	1	0	1	2	0	2
3	19	21	A=[b2+b2];B=[b1+b1]	M_B_A	1	0	0	1	0	2
3	21	21	A=[b1+b1,b2+b2]	C_A	1	1	0	0	0	2
4	1	21	B=[b1,b1,b2,b2]	C_B	1	0	6	4	4	0
4	37	21	B=[b1+b1,b2,b2]	M_B_A	1	0	3	3	2	1
4	39	21	A=[b1+b1];B=[b2,b2]	C_B	1	0	1	2	2	1
4	19	21	A=[b1+b1];B=[b2+b2]	M_B_A	1	0	0	1	0	2
4	21	21	A=[b1+b1,b2+b2]	C_A	1	1	0	0	0	2
5	1	21	B=[b1,b1,b2,b2]	C_B	1	0	6	4	4	0
5	37	21	B=[b1+b1,b2,b2]	M_B_A	1	0	3	3	2	1
5	29	21	A=[b1+b1];B=[b2,b2]	M_B_A	2	0	1	2	2	1
5	31	21	A=[b1+b1,b2];B=[b2]	C_A	1	1	0	1	2	1
5	22	21	A=[b1+b1+b2];B=[b2]	M_B_A	1	0	0	1	1	0
5	21	21	A=[b1+b1+b2,b2]	C_A	1	1	0	0	1	0
6	1	21	B=[b1,b1,b2,b2]	C_B	1	0	6	4	4	0
6	37	21	B=[b1+b1,b2,b2]	M_B_A	1	0	3	3	2	1
6	29	21	A=[b1+b1];B=[b2,b2]	M_B_A	2	0	1	2	2	1
6	16	21	A=[b1+b1,b2];B=[b2]	M_B_A	1	1	0	1	2	1
6	22	21	A=[b1+b1,b2,b2]	C_A	2	3	0	0	2	1
6	21	21	A=[b1+b1+b2,b2]	C_A	1	1	0	0	1	0
7	1	21	B=[b1,b1,b2,b2]	C_B	1	0	6	4	4	0
7	37	21	B=[b1+b1,b2,b2]	M_B_A	1	0	3	3	2	1
7	29	21	A=[b1+b1];B=[b2,b2]	M_B_A	2	0	1	2	2	1
7	16	21	A=[b1+b1,b2];B=[b2]	M_B_A	1	1	0	1	2	1
7	19	21	A=[b1+b1,b2,b2]	C_A	1	3	0	0	2	1
7	21	21	A=[b1+b1,b2+b2]	C_A	1	1	0	0	0	2
8	1	21	B=[b1,b1,b2,b2]	C_B	1	0	6	4	4	0
8	6	21	B=[b1+b1,b2,b2]	M_B_A	2	0	3	3	2	1
8	33	21	A=[b2];B=[b1+b1,b2]	C_B	1	0	1	2	2	1
8	22	21	A=[b2];B=[b1+b1+b2]	M_B_A	1	0	0	1	1	0
8	21	21	A=[b1+b1+b2,b2]	C_A	1	1	0	0	1	0
9	1	21	B=[b1,b1,b2,b2]	C_B	1	0	6	4	4	0
9	6	21	B=[b1+b1,b2,b2]	M_B_A	2	0	3	3	2	1
9	29	21	A=[b2];B=[b1+b1,b2]	M_B_A	1	0	1	2	2	1
9	31	21	A=[b1+b1,b2];B=[b2]	C_A	1	1	0	1	2	1
9	22	21	A=[b1+b1+b2];B=[b2]	M_B_A	1	0	0	1	1	0
9	21	21	A=[b1+b1+b2,b2]	C_A	1	1	0	0	1	0
10	1	21	B=[b1,b1,b2,b2]	C_B	1	0	6	4	4	0
10	6	21	B=[b1+b1,b2,b2]	M_B_A	2	0	3	3	2	1
10	29	21	A=[b2];B=[b1+b1,b2]	M_B_A	1	0	1	2	2	1
10	16	21	A=[b1+b1,b2];B=[b2]	M_B_A	1	1	0	1	2	1
10	22	21	A=[b1+b1,b2,b2]	C_A	2	3	0	0	2	1
10	21	21	A=[b1+b1+b2,b2]	C_A	1	1	0	0	1	0
11	1	21	B=[b1,b1,b2,b2]	C_B	1	0	6	4	4	0
11	6	21	B=[b1+b1,b2,b2]	M_B_A	2	0	3	3	2	1
11	29	21	A=[b2];B=[b1+b1,b2]	M_B_A	1	0	1	2	2	1
11	16	21	A=[b1+b1,b2];B=[b2]	M_B_A	1	1	0	1	2	1
11	19	21	A=[b1+b1,b2,b2]	C_A	1	3	0	0	2	1
11	21	21	A=[b1+b1,b2+b2]	C_A	1	1	0	0	0	2
12	1	21	B=[b1,b1,b2,b2]	C_B	1	0	6	4	4	0
12	6	21	B=[b1+b1,b2,b2]	M_B_A	2	0	3	3	2	1
12	11	21	A=[b2];B=[b1+b1,b2]	M_B_A	1	0	1	2	2	1
12	25	21	A=[b2,b2];B=[b1+b1]	C_A	1	1	0	1	2	1
12	19	21	A=[b2+b2];B=[b1+b1]	M_B_A	1	0	0	1	0	2
12	21	21	A=[b1+b1,b2+b2]	C_A	1	1	0	0	0	2
13	1	21	B=[b1,b1,b2,b2]	C_B	1	0	6	4	4	0
13	6	21	B=[b1+b1,b2,b2]	M_B_A	2	0	3	3	2	1
13	11	21	A=[b2];B=[b1+b1,b2]	M_B_A	1	0	1	2	2	1
13	16	21	A=[b2,b2];B=[b1+b1]	M_B_A	1	1	0	1	2	1
13	22	21	A=[b1+b1,b2,b2]	C_A	2	3	0	0	2	1
13	21	21	A=[b1+b1+b2,b2]	C_A	1	1	0	0	1	0
14	1	21	B=[b1,b1,b2,b2]	C_B	1	0	6	4	4	0
14	6	21	B=[b1+b1,b2,b2]	M_B_A	2	0	3	3	2	1
14	11	21	A=[b2];B=[b1+b1,b2]	M_B_A	1	0	1	2	2	1
14	16	21	A=[b2,b2];B=[b1+b1]	M_B_A	1	1	0	1	2	1
14	19	21	A=[b1+b1,b2,b2]	C_A	1	3	0	0	2	1
14	21	21	A=[b1+b1,b2+b2]	C_A	1	1	0	0	0	2
15	2	21	B=[b1,b1,b2,b2]	C_B	4	0	6	4	4	0
15	44	21	B=[b1,b1+b2,b2]	C_B	1	0	3	3	2	1
15	31	21	B=[b1+b1+b2,b2]	M_B_A	1	0	1	2	1	0
15	22	21	A=[b1+b1+b2];B=[b2]	M_B_A	1	0	0	1	1	0
15	21	21	A=[b1+b1+b2,b2]	C_A	1	1	0	0	1	0
16	2	21	B=[b1,b1,b2,b2]	C_B	4	0	6	4	4	0
16	44	21	B=[b1,b1+b2,b2]	C_B	1	0	3	3	2	1
16	33	21	B=[b1+b1+b2,b2]	M_B_A	1	0	1	2	1	0
16	22	21	A=[b2];B=[b1+b1+b2]	M_B_A	1	0	0	1	1	0
16	21	21	A=[b1+b1+b2,b2]	C_A	1	1	0	0	1	0
17	2	21	B=[b1,b1,b2,b2]	C_B	4	0	6	4	4	0
17	45	21	B=[b1,b1+b2,b2]	C_B	1	0	3	3	2	1
17	32	21	B=[b1+b2,b1+b2]	M_B_A	2	0	1	2	0	2
17	23	21	A=[b1+b2];B=[b1+b2]	M_B_A	1	0	0	1	0	2
17	21	21	A=[b1+b2,b1+b2]	C_A	1	1	0	0	0	2
18	2	21	B=[b1,b1,b2,b2]	C_B	4	0	6	4	4	0
18	42	21	B=[b1,b1+b2,b2]	C_B	1	0	3	3	2	1
18	40	21	B=[b1,b1+b2+b2]	M_B_A	1	0	1	2	1	0
18	20	21	A=[b1];B=[b1+b2+b2]	M_B_A	1	0	0	1	1	0
18	21	21	A=[b1,b1+b2+b2]	C_A	1	1	0	0	1	0
19	2	21	B=[b1,b1,b2,b2]	C_B	4	0	6	4	4	0
19	42	21	B=[b1,b1+b2,b2]	C_B	1	0	3	3	2	1
19	24	21	B=[b1,b1+b2+b2]	M_B_A	1	0	1	2	1	0
19	20	21	A=[b1+b2+b2];B=[b1]	M_B_A	1	0	0	1	1	0
19	21	21	A=[b1,b1+b2+b2]	C_A	1	1	0	0	1	0
20	2	21	B=[b1,b1,b2,b2]	C_B	4	0	6	4	4	0
20	34	21	B=[b1,b1+b2,b2]	M_B_A	1	0	3	3	2	1
20	40	21	A=[b1];B=[b1+b2,b2]	C_B	1	0	1	2	2	1
20	20	21	A=[b1];B=[b1+b2+b2]	M_B_A	1	0	0	1	1	0
20	21	21	A=[b1,b1+b2+b2]	C_A	1	1	0	0	1	0
21	2	21	B=[b1,b1,b2,b2]	C_B	4	0	6	4	4	0
21	34	21	B=[b1,b1+b2,b2]	M_B_A	1	0	3	3	2	1
21	30	21	A=[b1];B=[b1+b2,b2]	M_B_A	1	0	1	2	2	1
21	31	21	A=[b1,b1+b2];B=[b2]	C_A	1	1	0	1	2	1
21	22	21	A=[b1+b1+b2];B=[b2]	M_B_A	1	0	0	1	1	0
21	21	21	A=[b1+b1+b2,b2]	C_A	1	1	0	0	1	0
22	2	21	B=[b1,b1,b2,b2]	C_B	4	0	6	4	4	0
22	34	21	B=[b1,b1+b2,b2]	M_B_A	1	0	3	3	2	1
22	30	21	A=[b1];B=[b1+b2,b2]	M_B_A	1	0	1	2	2	1
22	17	21	A=[b1,b1+b2];B=[b2]	M_B_A	1	1	0	1	2	1
22	22	21	A=[b1,b1+b2,b2]	C_A	1	3	0	0	2	1
22	21	21	A=[b1+b1+b2,b2]	C_A	1	1	0	0	1	0
23	2	21	B=[b1,b1,b2,b2]	C_B	4	0	6	4	4	0
23	34	21	B=[b1,b1+b2,b2]	M_B_A	1	0	3	3	2	1
23	30	21	A=[b1];B=[b1+b2,b2]	M_B_A	1	0	1	2	2	1
23	17	21	A=[b1,b1+b2];B=[b2]	M_B_A	1	1	0	1	2	1
23	23	21	A=[b1,b1+b2,b2]	C_A	1	3	0	0	2	1
23	21	21	A=[b1+b2,b1+b2]	C_A	1	1	0	0	0	2
24	2	21	B=[b1,b1,b2,b2]	C_B	4	0	6	4	4	0
24	34	21	B=[b1,b1+b2,b2]	M_B_A	1	0	3	3	2	1
24	30	21	A=[b1];B=[b1+b2,b2]	M_B_A	1	0	1	2	2	1
24	17	21	A=[b1,b1+b2];B=[b2]	M_B_A	1	1	0	1	2	1
24	20	21	A=[b1,b1+b2,b2]	C_A	1	3	0	0	2	1
24	21	21	A=[b1,b1+b2+b2]	C_A	1	1	0	0	1	0
25	2	21	B=[b1,b1,b2,b2]	C_B	4	0	6	4	4	0
25	34	21	B=[b1,b1+b2,b2]	M_B_A	1	0	3	3	2	1
25	27	21	A=[b1];B=[b1+b2,b2]	M_B_A	1	0	1	2	2	1
25	32	21	A=[b1,b2];B=[b1+b2]	C_A	1	1	0	1	2	1
25	23	21	A=[b1+b2];B=[b1+b2]	M_B_A	1	0	0	1	0	2
25	21	21	A=[b1+b2,b1+b2]	C_A	1	1	0	0	0	2
26	2	21	B=[b1,b1,b2,b2]	C_B	4	0	6	4	4	0
26	34	21	B=[b1,b1+b2,b2]	M_B_A	1	0	3	3	2	1
26	27	21	A=[b1];B=[b1+b2,b2]	M_B_A	1	0	1	2	2	1
26	17	21	A=[b1,b2];B=[b1+b2]	M_B_A	1	1	0	1	2	1
26	22	21	A=[b1,b1+b2,b2]	C_A	1	3	0	0	2	1
26	21	21	A=[b1+b1+b2,b2]	C_A	1	1	0	0	1	0
27	2	21	B=[b1,b1,b2,b2]	C_B	4	0	6	4	4	0
27	34	21	B=[b1,b1+b2,b2]	M_B_A	1	0	3	3	2	1
27	27	21	A=[b1];B=[b1+b2,b2]	M_B_A	1	0	1	2	2	1
27	17	21	A=[b1,b2];B=[b1+b2]	M_B_A	1	1	0	1	2	1
27	23	21	A=[b1,b1+b2,b2]	C_A	1	3	0	0	2	1
27	21	21	A=[b1+b2,b1+b2]	C_A	1	1	0	0	0	2
28	2	21	B=[b1,b1,b2,b2]	C_B	4	0	6	4	4	0
28	34	21	B=[b1,b1+b2,b2]	M_B_A	1	0	3	3	2	1
28	27	21	A=[b1];B=[b1+b2,b2]	M_B_A	1	0	1	2	2	1
28	17	21	A=[b1,b2];B=[b1+b2]	M_B_A	1	1	0	1	2	1
28	20	21	A=[b1,b1+b2,b2]	C_A	1	3	0	0	2	1
28	21	21	A=[b1,b1+b2+b2]	C_A	1	1	0	0	1	0
29	2	21	B=[b1,b1,b2,b2]	C_B	4	0	6	4	4	0
29	26	21	B=[b1,b1+b2,b2]	M_B_A	1	0	3	3	2	1
29	32	21	A=[b1+b2];B=[b1,b2]	C_B	1	0	1	2	2	1
29	23	21	A=[b1+b2];B=[b1+b2]	M_B_A	1	0	0	1	0	2
29	21	21	A=[b1+b2,b1+b2]	C_A	1	1	0	0	0	2
30	2	21	B=[b1,b1,b2,b2]	C_B	4	0	6	4	4	0
30	26	21	B=[b1,b1+b2,b2]	M_B_A	1	0	3	3	2	1
30	30	21	A=[b1+b2];B=[b1,b2]	M_B_A	1	0	1	2	2	1
30	31	21	A=[b1,b1+b2];B=[b2]	C_A	1	1	0	1	2	1
30	22	21	A=[b1+b1+b2];B=[b2]	M_B_A	1	0	0	1	1	0
30	21	21	A=[b1+b1+b2,b2]	C_A	1	1	0	0	1	0
31	2	21	B=[b1,b1,b2,b2]	C_B	4	0	6	4	4	0
31	26	21	B=[b1,b1+b2,b2]	M_B_A	1	0	3	3	2	1
31	30	21	A=[b1+b2];B=[b1,b2]	M_B_A	1	0	1	2	2	1
31	17	21	A=[b1,b1+b2];B=[b2]	M_B_A	1	1	0	1	2	1
31	22	21	A=[b1,b1+b2,b2]	C_A	1	3	0	0	2	1
31	21	21	A=[b1+b1+b2,b2]	C_A	1	1	0	0	1	0
32	2	21	B=[b1,b1,b2,b2]	C_B	4	0	6	4	4	0
32	26	21	B=[b1,b1+b2,b2]	M_B_A	1	0	3	3	2	1
32	30	21	A=[b1+b2];B=[b1,b2]	M_B_A	1	0	1	2	2	1
32	17	21	A=[b1,b1+b2];B=[b2]	M_B_A	1	1	0	1	2	1
32	23	21	A=[b1,b1+b2,b2]	C_A	1	3	0	0	2	1
32	21	21	A=[b1+b2,b1+b2]	C_A	1	1	0	0	0	2
33	2	21	B=[b1,b1,b2,b2]	C_B	4	0	6	4	4	0
33	26	21	B=[b1,b1+b2,b2]	M_B_A	1	0	3	3	2	1
33	30	21	A=[b1+b2];B=[b1,b2]	M_B_A	1	0	1	2	2	1
33	17	21	A=[b1,b1+b2];B=[b2]	M_B_A	1	1	0	1	2	1
33	20	21	A=[b1,b1+b2,b2]	C_A	1	3	0	0	2	1
33	21	21	A=[b1,b1+b2+b2]	C_A	1	1	0	0	1	0
34	2	21	B=[b1,b1,b2,b2]	C_B	4	0	6	4	4	0
34	26	21	B=[b1,b1+b2,b2]	M_B_A	1	0	3	3	2	1
34	13	21	A=[b1+b2];B=[b1,b2]	M_B_A	1	0	1	2	2	1
34	24	21	A=[b1+b2,b2];B=[b1]	C_A	1	1	0	1	2	1
34	20	21	A=[b1+b2+b2];B=[b1]	M_B_A	1	0	0	1	1	0
34	21	21	A=[b1,b1+b2+b2]	C_A	1	1	0	0	1	0
35	2	21	B=[b1,b1,b2,b2]	C_B	4	0	6	4	4	0
35	26	21	B=[b1,b1+b2,b2]	M_B_A	1	0	3	3	2	1
35	13	21	A=[b1+b2];B=[b1,b2]	M_B_A	1	0	1	2	2	1
35	17	21	A=[b1+b2,b2];B=[b1]	M_B_A	1	1	0	1	2	1
35	22	21	A=[b1,b1+b2,b2]	C_A	1	3	0	0	2	1
35	21	21	A=[b1+b1+b2,b2]	C_A	1	1	0	0	1	0
36	2	21	B=[b1,b1,b2,b2]	C_B	4	0	6	4	4	0
36	26	21	B=[b1,b1+b2,b2]	M_B_A	1	0	3	3	2	1
36	13	21	A=[b1+b2];B=[b1,b2]	M_B_A	1	0	1	2	2	1
36	17	21	A=[b1+b2,b2];B=[b1]	M_B_A	1	1	0	1	2	1
36	23	21	A=[b1,b1+b2,b2]	C_A	1	3	0	0	2	1
36	21	21	A=[b1+b2,b1+b2]	C_A	1	1	0	0	0	2
37	2	21	B=[b1,b1,b2,b2]	C_B	4	0	6	4	4	0
37	26	21	B=[b1,b1+b2,b2]	M_B_A	1	0	3	3	2	1
37	13	21	A=[b1+b2];B=[b1,b2]	M_B_A	1	0	1	2	2	1
37	17	21	A=[b1+b2,b2];B=[b1]	M_B_A	1	1	0	1	2	1
37	20	21	A=[b1,b1+b2,b2]	C_A	1	3	0	0	2	1
37	21	21	A=[b1,b1+b2+b2]	C_A	1	1	0	0	1	0
38	2	21	B=[b1,b1,b2,b2]	C_B	4	0	6	4	4	0
38	7	21	B=[b1,b1+b2,b2]	M_B_A	1	0	3	3	2	1
38	33	21	A=[b2];B=[b1,b1+b2]	C_B	1	0	1	2	2	1
38	22	21	A=[b2];B=[b1+b1+b2]	M_B_A	1	0	0	1	1	0
38	21	21	A=[b1+b1+b2,b2]	C_A	1	1	0	0	1	0
39	2	21	B=[b1,b1,b2,b2]	C_B	4	0	6	4	4	0
39	7	21	B=[b1,b1+b2,b2]	M_B_A	1	0	3	3	2	1
39	27	21	A=[b2];B=[b1,b1+b2]	M_B_A	1	0	1	2	2	1
39	32	21	A=[b1,b2];B=[b1+b2]	C_A	1	1	0	1	2	1
39	23	21	A=[b1+b2];B=[b1+b2]	M_B_A	1	0	0	1	0	2
39	21	21	A=[b1+b2,b1+b2]	C_A	1	1	0	0	0	2
40	2	21	B=[b1,b1,b2,b2]	C_B	4	0	6	4	4	0
40	7	21	B=[b1,b1+b2,b2]	M_B_A	1	0	3	3	2	1
40	27	21	A=[b2];B=[b1,b1+b2]	M_B_A	1	0	1	2	2	1
40	17	21	A=[b1,b2];B=[b1+b2]	M_B_A	1	1	0	1	2	1
40	22	21	A=[b1,b1+b2,b2]	C_A	1	3	0	0	2	1
40	21	21	A=[b1+b1+b2,b2]	C_A	1	1	0	0	1	0
41	2	21	B=[b1,b1,b2,b2]	C_B	4	0	6	4	4	0
41	7	21	B=[b1,b1+b2,b2]	M_B_A	1	0	3	3	2	1
41	27	21	A=[b2];B=[b1,b1+b2]	M_B_A	1	0	1	2	2	1
41	17	21	A=[b1,b2];B=[b1+b2]	M_B_A	1	1	0	1	2	1
41	23	21	A=[b1,b1+b2,b2]	C_A	1	3	0	0	2	1
41	21	21	A=[b1+b2,b1+b2]	C_A	1	1	0	0	0	2
42	2	21	B=[b1,b1,b2,b2]	C_B	4	0	6	4	4	0
42	7	21	B=[b1,b1+b2,b2]	M_B_A	1	0	3	3	2	1
42	27	21	A=[b2];B=[b1,b1+b2]	M_B_A	1	0	1	2	2	1
42	17	21	A=[b1,b2];B=[b1+b2]	M_B_A	1	1	0	1	2	1
42	20	21	A=[b1,b1+b2,b2]	C_A	1	3	0	0	2	1
42	21	21	A=[b1,b1+b2+b2]	C_A	1	1	0	0	1	0
43	2	21	B=[b1,b1,b2,b2]	C_B	4	0	6	4	4	0
43	7	21	B=[b1,b1+b2,b2]	M_B_A	1	0	3	3	2	1
43	13	21	A=[b2];B=[b1,b1+b2]	M_B_A	1	0	1	2	2	1
43	24	21	A=[b1+b2,b2];B=[b1]	C_A	1	1	0	1	2	1
43	20	21	A=[b1+b2+b2];B=[b1]	M_B_A	1	0	0	1	1	0
43	21	21	A=[b1,b1+b2+b2]	C_A	1	1	0	0	1	0
44	2	21	B=[b1,b1,b2,b2]	C_B	4	0	6	4	4	0
44	7	21	B=[b1,b1+b2,b2]	M_B_A	1	0	3	3	2	1
44	13	21	A=[b2];B=[b1,b1+b2]	M_B_A	1	0	1	2	2	1
44	17	21	A=[b1+b2,b2];B=[b1]	M_B_A	1	1	0	1	2	1
44	22	21	A=[b1,b1+b2,b2]	C_A	1	3	0	0	2	1
44	21	21	A=[b1+b1+b2,b2]	C_A	1	1	0	0	1	0
45	2	21	B=[b1,b1,b2,b2]	C_B	4	0	6	4	4	0
45	7	21	B=[b1,b1+b2,b2]	M_B_A	1	0	3	3	2	1
45	13	21	A=[b2];B=[b1,b1+b2]	M_B_A	1	0	1	2	2	1
45	17	21	A=[b1+b2,b2];B=[b1]	M_B_A	1	1	0	1	2	1
45	23	21	A=[b1,b1+b2,b2]	C_A	1	3	0	0	2	1
45	21	21	A=[b1+b2,b1+b2]	C_A	1	1	0	0	0	2
46	2	21	B=[b1,b1,b2,b2]	C_B	4	0	6	4	4	0
46	7	21	B=[b1,b1+b2,b2]	M_B_A	1	0	3	3	2	1
46	13	21	A=[b2];B=[b1,b1+b2]	M_B_A	1	0	1	2	2	1
46	17	21	A=[b1+b2,b2];B=[b1]	M_B_A	1	1	0	1	2	1
46	20	21	A=[b1,b1+b2,b2]	C_A	1	3	0	0	2	1
46	21	21	A=[b1,b1+b2+b2]	C_A	1	1	0	0	1	0
47	3	21	B=[b1,b1,b2,b2]	C_B	1	0	6	4	4	0
47	41	21	B=[b1,b1,b2+b2]	C_B	1	0	3	3	2	1
47	39	21	B=[b1+b1,b2+b2]	M_B_A	1	0	1	2	0	2
47	19	21	A=[b1+b1];B=[b2+b2]	M_B_A	1	0	0	1	0	2
47	21	21	A=[b1+b1,b2+b2]	C_A	1	1	0	0	0	2
48	3	21	B=[b1,b1,b2,b2]	C_B	1	0	6	4	4	0
48	41	21	B=[b1,b1,b2+b2]	C_B	1	0	3	3	2	1
48	25	21	B=[b1+b1,b2+b2]	M_B_A	1	0	1	2	0	2
48	19	21	A=[b2+b2];B=[b1+b1]	M_B_A	1	0	0	1	0	2
48	21	21	A=[b1+b1,b2+b2]	C_A	1	1	0	0	0	2
49	3	21	B=[b1,b1,b2,b2]	C_B	1	0	6	4	4	0
49	42	21	B=[b1,b1,b2+b2]	C_B	2	0	3	3	2	1
49	40	21	B=[b1,b1+b2+b2]	M_B_A	1	0	1	2	1	0
49	20	21	A=[b1];B=[b1+b2+b2]	M_B_A	1	0	0	1	1	0
49	21	21	A=[b1,b1+b2+b2]	C_A	1	1	0	0	1	0
50	3	21	B=[b1,b1,b2,b2]	C_B	1	0	6	4	4	0
50	42	21	B=[b1,b1,b2+b2]	C_B	2	0	3	3	2	1
50	24	21	B=[b1,b1+b2+b2]	M_B_A	1	0	1	2	1	0
50	20	21	A=[b1+b2+b2];B=[b1]	M_B_A	1	0	0	1	1	0
50	21	21	A=[b1,b1+b2+b2]	C_A	1	1	0	0	1	0
51	3	21	B=[b1,b1,b2,b2]	C_B	1	0	6	4	4	0
51	35	21	B=[b1,b1,b2+b2]	M_B_A	2	0	3	3	2	1
51	40	21	A=[b1];B=[b1,b2+b2]	C_B	1	0	1	2	2	1
51	20	21	A=[b1];B=[b1+b2+b2]	M_B_A	1	0	0	1	1	0
51	21	21	A=[b1,b1+b2+b2]	C_A	1	1	0	0	1	0
52	3	21	B=[b1,b1,b2,b2]	C_B	1	0	6	4	4	0
52	35	21	B=[b1,b1,b2+b2]	M_B_A	2	0	3	3	2	1
52	38	21	A=[b1];B=[b1,b2+b2]	M_B_A	1	0	1	2	2	1
52	39	21	A=[b1,b1];B=[b2+b2]	C_A	1	1	0	1	2	1
52	19	21	A=[b1+b1];B=[b2+b2]	M_B_A	1	0	0	1	0	2
52	21	21	A=[b1+b1,b2+b2]	C_A	1	1	0	0	0	2
53	3	21	B=[b1,b1,b2,b2]	C_B	1	0	6	4	4	0
53	35	21	B=[b1,b1,b2+b2]	M_B_A	2	0	3	3	2	1
53	38	21	A=[b1];B=[b1,b2+b2]	M_B_A	1	0	1	2	2	1
53	18	21	A=[b1,b1];B=[b2+b2]	M_B_A	1	1	0	1	2	1
53	19	21	A=[b1,b1,b2+b2]	C_A	1	3	0	0	2	1
53	21	21	A=[b1+b1,b2+b2]	C_A	1	1	0	0	0	2
54	3	21	B=[b1,b1,b2,b2]	C_B	1	0	6	4	4	0
54	35	21	B=[b1,b1,b2+b2]	M_B_A	2	0	3	3	2	1
54	38	21	A=[b1];B=[b1,b2+b2]	M_B_A	1	0	1	2	2	1
54	18	21	A=[b1,b1];B=[b2+b2]	M_B_A	1	1	0	1	2	1
54	20	21	A=[b1,b1,b2+b2]	C_A	2	3	0	0	2	1
54	21	21	A=[b1,b1+b2+b2]	C_A	1	1	0	0	1	0
55	3	21	B=[b1,b1,b2,b2]	C_B	1	0	6	4	4	0
55	35	21	B=[b1,b1,b2+b2]	M_B_A	2	0	3	3	2	1
55	14	21	A=[b1];B=[b1,b2+b2]	M_B_A	1	0	1	2	2	1
55	24	21	A=[b1,b2+b2];B=[b1]	C_A	1	1	0	1	2	1
55	20	21	A=[b1+b2+b2];B=[b1]	M_B_A	1	0	0	1	1	0
55	21	21	A=[b1,b1+b2+b2]	C_A	1	1	0	0	1	0
56	3	21	B=[b1,b1,b2,b2]	C_B	1	0	6	4	4	0
56	35	21	B=[b1,b1,b2+b2]	M_B_A	2	0	3	3	2	1
56	14	21	A=[b1];B=[b1,b2+b2]	M_B_A	1	0	1	2	2	1
56	18	21	A=[b1,b2+b2];B=[b1]	M_B_A	1	1	0	1	2	1
56	19	21	A=[b1,b1,b2+b2]	C_A	1	3	0	0	2	1
56	21	21	A=[b1+b1,b2+b2]	C_A	1	1	0	0	0	2
57	3	21	B=[b1,b1,b2,b2]	C_B	1	0	6	4	4	0
57	35	21	B=[b1,b1,b2+b2]	M_B_A	2	0	3	3	2	1
57	14	21	A=[b1];B=[b1,b2+b2]	M_B_A	1	0	1	2	2	1
57	18	21	A=[b1,b2+b2];B=[b1]	M_B_A	1	1	0	1	2	1
57	20	21	A=[b1,b1,b2+b2]	C_A	2	3	0	0	2	1
57	21	21	A=[b1,b1+b2+b2]	C_A	1	1	0	0	1	0
58	3	21	B=[b1,b1,b2,b2]	C_B	1	0	6	4	4	0
58	10	21	B=[b1,b1,b2+b2]	M_B_A	1	0	3	3	2	1
58	25	21	A=[b2+b2];B=[b1,b1]	C_B	1	0	1	2	2	1
58	19	21	A=[b2+b2];B=[b1+b1]	M_B_A	1	0	0	1	0	2
58	21	21	A=[b1+b1,b2+b2]	C_A	1	1	0	0	0	2
59	3	21	B=[b1,b1,b2,b2]	C_B	1	0	6	4	4	0
59	10	21	B=[b1,b1,b2+b2]	M_B_A	1	0	3	3	2	1
59	14	21	A=[b2+b2];B=[b1,b1]	M_B_A	2	0	1	2	2	1
59	24	21	A=[b1,b2+b2];B=[b1]	C_A	1	1	0	1	2	1
59	20	21	A=[b1+b2+b2];B=[b1]	M_B_A	1	0	0	1	1	0
59	21	21	A=[b1,b1+b2+b2]	C_A	1	1	0	0	1	0
60	3	21	B=[b1,b1,b2,b2]	C_B	1	0	6	4	4	0
60	10	21	B=[b1,b1,b2+b2]	M_B_A	1	0	3	3	2	1
60	14	21	A=[b2+b2];B=[b1,b1]	M_B_A	2	0	1	2	2	1
60	18	21	A=[b1,b2+b2];B=[b1]	M_B_A	1	1	0	1	2	1
60	19	21	A=[b1,b1,b2+b2]	C_A	1	3	0	0	2	1
60	21	21	A=[b1+b1,b2+b2]	C_A	1	1	0	0	0	2
61	3	21	B=[b1,b1,b2,b2]	C_B	1	0	6	4	4	0
61	10	21	B=[b1,b1,b2+b2]	M_B_A	1	0	3	3	2	1
61	14	21	A=[b2+b2];B=[b1,b1]	M_B_A	2	0	1	2	2	1
61	18	21	A=[b1,b2+b2];B=[b1]	M_B_A	1	1	0	1	2	1
61	20	21	A=[b1,b1,b2+b2]	C_A	2	3	0	0	2	1
61	21	21	A=[b1,b1+b2+b2]	C_A	1	1	0	0	1	0
62	4	21	B=[b1,b1,b2,b2]	M_B_A	2	0	6	4	4	0
62	34	21	A=[b1];B=[b1,b2,b2]	C_B	2	0	3	3	4	0
62	40	21	A=[b1];B=[b1+b2,b2]	C_B	1	0	1	2	2	1
62	20	21	A=[b1];B=[b1+b2+b2]	M_B_A	1	0	0	1	1	0
62	21	21	A=[b1,b1+b2+b2]	C_A	1	1	0	0	1	0
63	4	21	B=[b1,b1,b2,b2]	M_B_A	2	0	6	4	4	0
63	34	21	A=[b1];B=[b1,b2,b2]	C_B	2	0	3	3	4	0
63	30	21	A=[b1];B=[b1+b2,b2]	M_B_A	1	0	1	2	2	1
63	31	21	A=[b1,b1+b2];B=[b2]	C_A	1	1	0	1	2	1
63	22	21	A=[b1+b1+b2];B=[b2]	M_B_A	1	0	0	1	1	0
63	21	21	A=[b1+b1+b2,b2]	C_A	1	1	0	0	1	0
64	4	21	B=[b1,b1,b2,b2]	M_B_A	2	0	6	4	4	0
64	34	21	A=[b1];B=[b1,b2,b2]	C_B	2	0	3	3	4	0
64	30	21	A=[b1];B=[b1+b2,b2]	M_B_A	1	0	1	2	2	1
64	17	21	A=[b1,b1+b2];B=[b2]	M_B_A	1	1	0	1	2	1
64	22	21	A=[b1,b1+b2,b2]	C_A	1	3	0	0	2	1
64	21	21	A=[b1+b1+b2,b2]	C_A	1	1	0	0	1	0
65	4	21	B=[b1,b1,b2,b2]	M_B_A	2	0	6	4	4	0
65	34	21	A=[b1];B=[b1,b2,b2]	C_B	2	0	3	3	4	0
65	30	21	A=[b1];B=[b1+b2,b2]	M_B_A	1	0	1	2	2	1
65	17	21	A=[b1,b1+b2];B=[b2]	M_B_A	1	1	0	1	2	1
65	23	21	A=[b1,b1+b2,b2]	C_A	1	3	0	0	2	1
65	21	21	A=[b1+b2,b1+b2]	C_A	1	1	0	0	0	2
66	4	21	B=[b1,b1,b2,b2]	M_B_A	2	0	6	4	4	0
66	34	21	A=[b1];B=[b1,b2,b2]	C_B	2	0	3	3	4	0
66	30	21	A=[b1];B=[b1+b2,b2]	M_B_A	1	0	1	2	2	1
66	17	21	A=[b1,b1+b2];B=[b2]	M_B_A	1	1	0	1	2	1
66	20	21	A=[b1,b1+b2,b2]	C_A	1	3	0	0	2	1
66	21	21	A=[b1,b1+b2+b2]	C_A	1	1	0	0	1	0
67	4	21	B=[b1,b1,b2,b2]	M_B_A	2	0	6	4	4	0
67	34	21	A=[b1];B=[b1,b2,b2]	C_B	2	0	3	3	4	0
67	27	21	A=[b1];B=[b1+b2,b2]	M_B_A	1	0	1	2	2	1
67	32	21	A=[b1,b2];B=[b1+b2]	C_A	1	1	0	1	2	1
67	23	21	A=[b1+b2];B=[b1+b2]	M_B_A	1	0	0	1	0	2
67	21	21	A=[b1+b2,b1+b2]	C_A	1	1	0	0	0	2
68	4	21	B=[b1,b1,b2,b2]	M_B_A	2	0	6	4	4	0
68	34	21	A=[b1];B=[b1,b2,b2]	C_B	2	0	3	3	4	0
68	27	21	A=[b1];B=[b1+b2,b2]	M_B_A	1	0	1	2	2	1
68	17	21	A=[b1,b2];B=[b1+b2]	M_B_A	1	1	0	1	2	1
68	22	21	A=[b1,b1+b2,b2]	C_A	1	3	0	0	2	1
68	21	21	A=[b1+b1+b2,b2]	C_A	1	1	0	0	1	0
69	4	21	B=[b1,b1,b2,b2]	M_B_A	2	0	6	4	4	0
69	34	21	A=[b1];B=[b1,b2,b2]	C_B	2	0	3	3	4	0
69	27	21	A=[b1];B=[b1+b2,b2]	M_B_A	1	0	1	2	2	1
69	17	21	A=[b1,b2];B=[b1+b2]	M_B_A	1	1	0	1	2	1
69	23	21	A=[b1,b1+b2,b2]	C_A	1	3	0	0	2	1
69	21	21	A=[b1+b2,b1+b2]	C_A	1	1	0	0	0	2
70	4	21	B=[b1,b1,b2,b2]	M_B_A	2	0	6	4	4	0
70	34	21	A=[b1];B=[b1,b2,b2]	C_B	2	0	3	3	4	0
70	27	21	A=[b1];B=[b1+b2,b2]	M_B_A	1	0	1	2	2	1
70	17	21	A=[b1,b2];B=[b1+b2]	M_B_A	1	1	0	1	2	1
70	20	21	A=[b1,b1+b2,b2]	C_A	1	3	0	0	2	1
70	21	21	A=[b1,b1+b2+b2]	C_A	1	1	0	0	1	0
71	4	21	B=[b1,b1,b2,b2]	M_B_A	2	0	6	4	4	0
71	35	21	A=[b1];B=[b1,b2,b2]	C_B	1	0	3	3	4	0
71	40	21	A=[b1];B=[b1,b2+b2]	C_B	1	0	1	2	2	1
71	20	21	A=[b1];B=[b1+b2+b2]	M_B_A	1	0	0	1	1	0
71	21	21	A=[b1,b1+b2+b2]	C_A	1	1	0	0	1	0
72	4	21	B=[b1,b1,b2,b2]	M_B_A	2	0	6	4	4	0
72	35	21	A=[b1];B=[b1,b2,b2]	C_B	1	0	3	3	4	0
72	38	21	A=[b1];B=[b1,b2+b2]	M_B_A	1	0	1	2	2	1
72	39	21	A=[b1,b1];B=[b2+b2]	C_A	1	1	0	1	2	1
72	19	21	A=[b1+b1];B=[b2+b2]	M_B_A	1	0	0	1	0	2
72	21	21	A=[b1+b1,b2+b2]	C_A	1	1	0	0	0	2
73	4	21	B=[b1,b1,b2,b2]	M_B_A	2	0	6	4	4	0
73	35	21	A=[b1];B=[b1,b2,b2]	C_B	1	0	3	3	4	0
73	38	21	A=[b1];B=[b1,b2+b2]	M_B_A	1	0	1	2	2	1
73	18	21	A=[b1,b1];B=[b2+b2]	M_B_A	1	1	0	1	2	1
73	19	21	A=[b1,b1,b2+b2]	C_A	1	3	0	0	2	1
73	21	21	A=[b1+b1,b2+b2]	C_A	1	1	0	0	0	2
74	4	21	B=[b1,b1,b2,b2]	M_B_A	2	0	6	4	4	0
74	35	21	A=[b1];B=[b1,b2,b2]	C_B	1	0	3	3	4	0
74	38	21	A=[b1];B=[b1,b2+b2]	M_B_A	1	0	1	2	2	1
74	18	21	A=[b1,b1];B=[b2+b2]	M_B_A	1	1	0	1	2	1
74	20	21	A=[b1,b1,b2+b2]	C_A	2	3	0	0	2	1
74	21	21	A=[b1,b1+b2+b2]	C_A	1	1	0	0	1	0
75	4	21	B=[b1,b1,b2,b2]	M_B_A	2	0	6	4	4	0
75	35	21	A=[b1];B=[b1,b2,b2]	C_B	1	0	3	3	4	0
75	14	21	A=[b1];B=[b1,b2+b2]	M_B_A	1	0	1	2	2	1
75	24	21	A=[b1,b2+b2];B=[b1]	C_A	1	1	0	1	2	1
75	20	21	A=[b1+b2+b2];B=[b1]	M_B_A	1	0	0	1	1	0
75	21	21	A=[b1,b1+b2+b2]	C_A	1	1	0	0	1	0
76	4	21	B=[b1,b1,b2,b2]	M_B_A	2	0	6	4	4	0
76	35	21	A=[b1];B=[b1,b2,b2]	C_B	1	0	3	3	4	0
76	14	21	A=[b1];B=[b1,b2+b2]	M_B_A	1	0	1	2	2	1
76	18	21	A=[b1,b2+b2];B=[b1]	M_B_A	1	1	0	1	2	1
76	19	21	A=[b1,b1,b2+b2]	C_A	1	3	0	0	2	1
76	21	21	A=[b1+b1,b2+b2]	C_A	1	1	0	0	0	2
77	4	21	B=[b1,b1,b2,b2]	M_B_A	2	0	6	4	4	0
77	35	21	A=[b1];B=[b1,b2,b2]	C_B	1	0	3	3	4	0
77	14	21	A=[b1];B=[b1,b2+b2]	M_B_A	1	0	1	2	2	1
77	18	21	A=[b1,b2+b2];B=[b1]	M_B_A	1	1	0	1	2	1
77	20	21	A=[b1,b1,b2+b2]	C_A	2	3	0	0	2	1
77	21	21	A=[b1,b1+b2+b2]	C_A	1	1	0	0	1	0
78	4	21	B=[b1,b1,b2,b2]	M_B_A	2	0	6	4	4	0
78	36	21	A=[b1];B=[b1,b2,b2]	M_B_A	1	0	3	3	4	0
78	37	21	A=[b1,b1];B=[b2,b2]	C_A	1	1	1	2	4	0
78	39	21	A=[b1+b1];B=[b2,b2]	C_B	1	0	1	2	2	1
78	19	21	A=[b1+b1];B=[b2+b2]	M_B_A	1	0	0	1	0	2
78	21	21	A=[b1+b1,b2+b2]	C_A	1	1	0	0	0	2
79	4	21	B=[b1,b1,b2,b2]	M_B_A	2	0	6	4	4	0
79	36	21	A=[b1];B=[b1,b2,b2]	M_B_A	1	0	3	3	4	0
79	37	21	A=[b1,b1];B=[b2,b2]	C_A	1	1	1	2	4	0
79	29	21	A=[b1+b1];B=[b2,b2]	M_B_A	2	0	1	2	2	1
79	31	21	A=[b1+b1,b2];B=[b2]	C_A	1	1	0	1	2	1
79	22	21	A=[b1+b1+b2];B=[b2]	M_B_A	1	0	0	1	1	0
79	21	21	A=[b1+b1+b2,b2]	C_A	1	1	0	0	1	0
80	4	21	B=[b1,b1,b2,b2]	M_B_A	2	0	6	4	4	0
80	36	21	A=[b1];B=[b1,b2,b2]	M_B_A	1	0	3	3	4	0
80	37	21	A=[b1,b1];B=[b2,b2]	C_A	1	1	1	2	4	0
80	29	21	A=[b1+b1];B=[b2,b2]	M_B_A	2	0	1	2	2	1
80	16	21	A=[b1+b1,b2];B=[b2]	M_B_A	1	1	0	1	2	1
80	22	21	A=[b1+b1,b2,b2]	C_A	2	3	0	0	2	1
80	21	21	A=[b1+b1+b2,b2]	C_A	1	1	0	0	1	0
81	4	21	B=[b1,b1,b2,b2]	M_B_A	2	0	6	4	4	0
81	36	21	A=[b1];B=[b1,b2,b2]	M_B_A	1	0	3	3	4	0
81	37	21	A=[b1,b1];B=[b2,b2]	C_A	1	1	1	2	4	0
81	29	21	A=[b1+b1];B=[b2,b2]	M_B_A	2	0	1	2	2	1
81	16	21	A=[b1+b1,b2];B=[b2]	M_B_A	1	1	0	1	2	1
81	19	21	A=[b1+b1,b2,b2]	C_A	1	3	0	0	2	1
81	21	21	A=[b1+b1,b2+b2]	C_A	1	1	0	0	0	2
82	4	21	B=[b1,b1,b2,b2]	M_B_A	2	0	6	4	4	0
82	36	21	A=[b1];B=[b1,b2,b2]	M_B_A	1	0	3	3	4	0
82	38	21	A=[b1,b1];B=[b2,b2]	C_B	1	1	1	2	4	0
82	39	21	A=[b1,b1];B=[b2+b2]	C_A	1	1	0	1	2	1
82	19	21	A=[b1+b1];B=[b2+b2]	M_B_A	1	0	0	1	0	2
82	21	21	A=[b1+b1,b2+b2]	C_A	1	1	0	0	0	2
83	4	21	B=[b1,b1,b2,b2]	M_B_A	2	0	6	4	4	0
83	36	21	A=[b1];B=[b1,b2,b2]	M_B_A	1	0	3	3	4	0
83	38	21	A=[b1,b1];B=[b2,b2]	C_B	1	1	1	2	4	0
83	18	21	A=[b1,b1];B=[b2+b2]	M_B_A	1	1	0	1	2	1
83	19	21	A=[b1,b1,b2+b2]	C_A	1	3	0	0	2	1
83	21	21	A=[b1+b1,b2+b2]	C_A	1	1	0	0	0	2
84	4	21	B=[b1,b1,b2,b2]	M_B_A	2	0	6	4	4	0
84	36	21	A=[b1];B=[b1,b2,b2]	M_B_A	1	0	3	3	4	0
84	38	21	A=[b1,b1];B=[b2,b2]	C_B	1	1	1	2	4	0
84	18	21	A=[b1,b1];B=[b2+b2]	M_B_A	1	1	0	1	2	1
84	20	21	A=[b1,b1,b2+b2]	C_A	2	3	0	0	2	1
84	21	21	A=[b1,b1+b2+b2]	C_A	1	1	0	0	1	0
85	4	21	B=[b1,b1,b2,b2]	M_B_A	2	0	6	4	4	0
85	36	21	A=[b1];B=[b1,b2,b2]	M_B_A	1	0	3	3	4	0
85	28	21	A=[b1,b1];B=[b2,b2]	M_B_A	2	1	1	2	4	0
85	29	21	A=[b1,b1,b2];B=[b2]	C_A	1	3	0	1	4	0
85	31	21	A=[b1+b1,b2];B=[b2]	C_A	1	1	0	1	2	1
85	22	21	A=[b1+b1+b2];B=[b2]	M_B_A	1	0	0	1	1	0
85	21	21	A=[b1+b1+b2,b2]	C_A	1	1	0	0	1	0
86	4	21	B=[b1,b1,b2,b2]	M_B_A	2	0	6	4	4	0
86	36	21	A=[b1];B=[b1,b2,b2]	M_B_A	1	0	3	3	4	0
86	28	21	A=[b1,b1];B=[b2,b2]	M_B_A	2	1	1	2	4	0
86	29	21	A=[b1,b1,b2];B=[b2]	C_A	1	3	0	1	4	0
86	16	21	A=[b1+b1,b2];B=[b2]	M_B_A	1	1	0	1	2	1
86	22	21	A=[b1+b1,b2,b2]	C_A	2	3	0	0	2	1
86	21	21	A=[b1+b1+b2,b2]	C_A	1	1	0	0	1	0
87	4	21	B=[b1,b1,b2,b2]	M_B_A	2	0	6	4	4	0
87	36	21	A=[b1];B=[b1,b2,b2]	M_B_A	1	0	3	3	4	0
87	28	21	A=[b1,b1];B=[b2,b2]	M_B_A	2	1	1	2	4	0
87	29	21	A=[b1,b1,b2];B=[b2]	C_A	1	3	0	1	4	0
87	16	21	A=[b1+b1,b2];B=[b2]	M_B_A	1	1	0	1	2	1
87	19	21	A=[b1+b1,b2,b2]	C_A	1	3	0	0	2	1
87	21	21	A=[b1+b1,b2+b2]	C_A	1	1	0	0	0	2
88	4	21	B=[b1,b1,b2,b2]	M_B_A	2	0	6	4	4	0
88	36	21	A=[b1];B=[b1,b2,b2]	M_B_A	1	0	3	3	4	0
88	28	21	A=[b1,b1];B=[b2,b2]	M_B_A	2	1	1	2	4	0
88	30	21	A=[b1,b1,b2];B=[b2]	C_A	2	3	0	1	4	0
88	31	21	A=[b1,b1+b2];B=[b2]	C_A	1	1	0	1	2	1
88	22	21	A=[b1+b1+b2];B=[b2]	M_B_A	1	0	0	1	1	0
88	21	21	A=[b1+b1+b2,b2]	C_A	1	1	0	0	1	0
89	4	21	B=[b1,b1,b2,b2]	M_B_A	2	0	6	4	4	0
89	36	21	A=[b1];B=[b1,b2,b2]	M_B_A	1	0	3	3	4	0
89	28	21	A=[b1,b1];B=[b2,b2]	M_B_A	2	1	1	2	4	0
89	30	21	A=[b1,b1,b2];B=[b2]	C_A	2	3	0	1	4	0
89	17	21	A=[b1,b1+b2];B=[b2]	M_B_A	1	1	0	1	2	1
89	22	21	A=[b1,b1+b2,b2]	C_A	1	3	0	0	2	1
89	21	21	A=[b1+b1+b2,b2]	C_A	1	1	0	0	1	0
90	4	21	B=[b1,b1,b2,b2]	M_B_A	2	0	6	4	4	0
90	36	21	A=[b1];B=[b1,b2,b2]	M_B_A	1	0	3	3	4	0
90	28	21	A=[b1,b1];B=[b2,b2]	M_B_A	2	1	1	2	4	0
90	30	21	A=[b1,b1,b2];B=[b2]	C_A	2	3	0	1	4	0
90	17	21	A=[b1,b1+b2];B=[b2]	M_B_A	1	1	0	1	2	1
90	23	21	A=[b1,b1+b2,b2]	C_A	1	3	0	0	2	1
90	21	21	A=[b1+b2,b1+b2]	C_A	1	1	0	0	0	2
91	4	21	B=[b1,b1,b2,b2]	M_B_A	2	0	6	4	4	0
91	36	21	A=[b1];B=[b1,b2,b2]	M_B_A	1	0	3	3	4	0
91	28	21	A=[b1,b1];B=[b2,b2]	M_B_A	2	1	1	2	4	0
91	30	21	A=[b1,b1,b2];B=[b2]	C_A	2	3	0	1	4	0
91	17	21	A=[b1,b1+b2];B=[b2]	M_B_A	1	1	0	1	2	1
91	20	21	A=[b1,b1+b2,b2]	C_A	1	3	0	0	2	1
91	21	21	A=[b1,b1+b2+b2]	C_A	1	1	0	0	1	0
92	4	21	B=[b1,b1,b2,b2]	M_B_A	2	0	6	4	4	0
92	36	21	A=[b1];B=[b1,b2,b2]	M_B_A	1	0	3	3	4	0
92	28	21	A=[b1,b1];B=[b2,b2]	M_B_A	2	1	1	2	4	0
92	15	21	A=[b1,b1,b2];B=[b2]	M_B_A	1	3	0	1	4	0
92	16	21	A=[b1,b1,b2,b2]	C_A	1	6	0	0	4	0
92	22	21	A=[b1+b1,b2,b2]	C_A	2	3	0	0	2	1
92	21	21	A=[b1+b1+b2,b2]	C_A	1	1	0	0	1	0
93	4	21	B=[b1,b1,b2,b2]	M_B_A	2	0	6	4	4	0
93	36	21	A=[b1];B=[b1,b2,b2]	M_B_A	1	0	3	3	4	0
93	28	21	A=[b1,b1];B=[b2,b2]	M_B_A	2	1	1	2	4	0
93	15	21	A=[b1,b1,b2];B=[b2]	M_B_A	1	3	0	1	4	0
93	16	21	A=[b1,b1,b2,b2]	C_A	1	6	0	0	4	0
93	19	21	A=[b1+b1,b2,b2]	C_A	1	3	0	0	2	1
93	21	21	A=[b1+b1,b2+b2]	C_A	1	1	0	0	0	2
94	4	21	B=[b1,b1,b2,b2]	M_B_A	2	0	6	4	4	0
94	36	21	A=[b1];B=[b1,b2,b2]	M_B_A	1	0	3	3	4	0
94	28	21	A=[b1,b1];B=[b2,b2]	M_B_A	2	1	1	2	4	0
94	15	21	A=[b1,b1,b2];B=[b2]	M_B_A	1	3	0	1	4	0
94	17	21	A=[b1,b1,b2,b2]	C_A	4	6	0	0	4	0
94	22	21	A=[b1,b1+b2,b2]	C_A	1	3	0	0	2	1
94	21	21	A=[b1+b1+b2,b2]	C_A	1	1	0	0	1	0
95	4	21	B=[b1,b1,b2,b2]	M_B_A	2	0	6	4	4	0
95	36	21	A=[b1];B=[b1,b2,b2]	M_B_A	1	0	3	3	4	0
95	28	21	A=[b1,b1];B=[b2,b2]	M_B_A	2	1	1	2	4	0
95	15	21	A=[b1,b1,b2];B=[b2]	M_B_A	1	3	0	1	4	0
95	17	21	A=[b1,b1,b2,b2]	C_A	4	6	0	0	4	0
95	23	21	A=[b1,b1+b2,b2]	C_A	1	3	0	0	2	1
95	21	21	A=[b1+b2,b1+b2]	C_A	1	1	0	0	0	2
96	4	21	B=[b1,b1,b2,b2]	M_B_A	2	0	6	4	4	0
96	36	21	A=[b1];B=[b1,b2,b2]	M_B_A	1	0	3	3	4	0
96	28	21	A=[b1,b1];B=[b2,b2]	M_B_A	2	1	1	2	4	0
96	15	21	A=[b1,b1,b2];B=[b2]	M_B_A	1	3	0	1	4	0
96	17	21	A=[b1,b1,b2,b2]	C_A	4	6	0	0	4	0
96	20	21	A=[b1,b1+b2,b2]	C_A	1	3	0	0	2	1
96	21	21	A=[b1,b1+b2+b2]	C_A	1	1	0	0	1	0
97	4	21	B=[b1,b1,b2,b2]	M_B_A	2	0	6	4	4	0
97	36	21	A=[b1];B=[b1,b2,b2]	M_B_A	1	0	3	3	4	0
97	28	21	A=[b1,b1];B=[b2,b2]	M_B_A	2	1	1	2	4	0
97	15	21	A=[b1,b1,b2];B=[b2]	M_B_A	1	3	0	1	4	0
97	18	21	A=[b1,b1,b2,b2]	C_A	1	6	0	0	4	0
97	19	21	A=[b1,b1,b2+b2]	C_A	1	3	0	0	2	1
97	21	21	A=[b1+b1,b2+b2]	C_A	1	1	0	0	0	2
98	4	21	B=[b1,b1,b2,b2]	M_B_A	2	0	6	4	4	0
98	36	21	A=[b1];B=[b1,b2,b2]	M_B_A	1	0	3	3	4	0
98	28	21	A=[b1,b1];B=[b2,b2]	M_B_A	2	1	1	2	4	0
98	15	21	A=[b1,b1,b2];B=[b2]	M_B_A	1	3	0	1	4	0
98	18	21	A=[b1,b1,b2,b2]	C_A	1	6	0	0	4	0
98	20	21	A=[b1,b1,b2+b2]	C_A	2	3	0	0	2	1
98	21	21	A=[b1,b1+b2+b2]	C_A	1	1	0	0	1	0
99	4	21	B=[b1,b1,b2,b2]	M_B_A	2	0	6	4	4	0
99	8	21	A=[b1];B=[b1,b2,b2]	M_B_A	2	0	3	3	4	0
99	26	21	A=[b1,b2];B=[b1,b2]	C_A	1	1	1	2	4	0
99	32	21	A=[b1+b2];B=[b1,b2]	C_B	1	0	1	2	2	1
99	23	21	A=[b1+b2];B=[b1+b2]	M_B_A	1	0	0	1	0	2
99	21	21	A=[b1+b2,b1+b2]	C_A	1	1	0	0	0	2
100	4	21	B=[b1,b1,b2,b2]	M_B_A	2	0	6	4	4	0
100	8	21	A=[b1];B=[b1,b2,b2]	M_B_A	2	0	3	3	4	0
100	26	21	A=[b1,b2];B=[b1,b2]	C_A	1	1	1	2	4	0
100	30	21	A=[b1+b2];B=[b1,b2]	M_B_A	1	0	1	2	2	1
100	31	21	A=[b1,b1+b2];B=[b2]	C_A	1	1	0	1	2	1
100	22	21	A=[b1+b1+b2];B=[b2]	M_B_A	1	0	0	1	1	0
100	21	21	A=[b1+b1+b2,b2]	C_A	1	1	0	0	1	0
101	4	21	B=[b1,b1,b2,b2]	M_B_A	2	0	6	4	4	0
101	8	21	A=[b1];B=[b1,b2,b2]	M_B_A	2	0	3	3	4	0
101	26	21	A=[b1,b2];B=[b1,b2]	C_A	1	1	1	2	4	0
101	30	21	A=[b1+b2];B=[b1,b2]	M_B_A	1	0	1	2	2	1
101	17	21	A=[b1,b1+b2];B=[b2]	M_B_A	1	1	0	1	2	1
101	22	21	A=[b1,b1+b2,b2]	C_A	1	3	0	0	2	1
101	21	21	A=[b1+b1+b2,b2]	C_A	1	1	0	0	1	0
102	4	21	B=[b1,b1,b2,b2]	M_B_A	2	0	6	4	4	0
102	8	21	A=[b1];B=[b1,b2,b2]	M_B_A	2	0	3	3	4	0
102	26	21	A=[b1,b2];B=[b1,b2]	C_A	1	1	1	2	4	0
102	30	21	A=[b1+b2];B=[b1,b2]	M_B_A	1	0	1	2	2	1
102	17	21	A=[b1,b1+b2];B=[b2]	M_B_A	1	1	0	1	2	1
102	23	21	A=[b1,b1+b2,b2]	C_A	1	3	0	0	2	1
102	21	21	A=[b1+b2,b1+b2]	C_A	1	1	0	0	0	2
103	4	21	B=[b1,b1,b2,b2]	M_B_A	2	0	6	4	4	0
103	8	21	A=[b1];B=[b1,b2,b2]	M_B_A	2	0	3	3	4	0
103	26	21	A=[b1,b2];B=[b1,b2]	C_A	1	1	1	2	4	0
103	30	21	A=[b1+b2];B=[b1,b2]	M_B_A	1	0	1	2	2	1
103	17	21	A=[b1,b1+b2];B=[b2]	M_B_A	1	1	0	1	2	1
103	20	21	A=[b1,b1+b2,b2]	C_A	1	3	0	0	2	1
103	21	21	A=[b1,b1+b2+b2]	C_A	1	1	0	0	1	0
104	4	21	B=[b1,b1,b2,b2]	M_B_A	2	0	6	4	4	0
104	8	21	A=[b1];B=[b1,b2,b2]	M_B_A	2	0	3	3	4	0
104	26	21	A=[b1,b2];B=[b1,b2]	C_A	1	1	1	2	4	0
104	13	21	A=[b1+b2];B=[b1,b2]	M_B_A	1	0	1	2	2	1
104	24	21	A=[b1+b2,b2];B=[b1]	C_A	1	1	0	1	2	1
104	20	21	A=[b1+b2+b2];B=[b1]	M_B_A	1	0	0	1	1	0
104	21	21	A=[b1,b1+b2+b2]	C_A	1	1	0	0	1	0
105	4	21	B=[b1,b1,b2,b2]	M_B_A	2	0	6	4	4	0
105	8	21	A=[b1];B=[b1,b2,b2]	M_B_A	2	0	3	3	4	0
105	26	21	A=[b1,b2];B=[b1,b2]	C_A	1	1	1	2	4	0
105	13	21	A=[b1+b2];B=[b1,b2]	M_B_A	1	0	1	2	2	1
105	17	21	A=[b1+b2,b2];B=[b1]	M_B_A	1	1	0	1	2	1
105	22	21	A=[b1,b1+b2,b2]	C_A	1	3	0	0	2	1
105	21	21	A=[b1+b1+b2,b2]	C_A	1	1	0	0	1	0
106	4	21	B=[b1,b1,b2,b2]	M_B_A	2	0	6	4	4	0
106	8	21	A=[b1];B=[b1,b2,b2]	M_B_A	2	0	3	3	4	0
106	26	21	A=[b1,b2];B=[b1,b2]	C_A	1	1	1	2	4	0
106	13	21	A=[b1+b2];B=[b1,b2]	M_B_A	1	0	1	2	2	1
106	17	21	A=[b1+b2,b2];B=[b1]	M_B_A	1	1	0	1	2	1
106	23	21	A=[b1,b1+b2,b2]	C_A	1	3	0	0	2	1
106	21	21	A=[b1+b2,b1+b2]	C_A	1	1	0	0	0	2
107	4	21	B=[b1,b1,b2,b2]	M_B_A	2	0	6	4	4	0
107	8	21	A=[b1];B=[b1,b2,b2]	M_B_A	2	0	3	3	4	0
107	26	21	A=[b1,b2];B=[b1,b2]	C_A	1	1	1	2	4	0
107	13	21	A=[b1+b2];B=[b1,b2]	M_B_A	1	0	1	2	2	1
107	17	21	A=[b1+b2,b2];B=[b1]	M_B_A	1	1	0	1	2	1
107	20	21	A=[b1,b1+b2,b2]	C_A	1	3	0	0	2	1
107	21	21	A=[b1,b1+b2+b2]	C_A	1	1	0	0	1	0
108	4	21	B=[b1,b1,b2,b2]	M_B_A	2	0	6	4	4	0
108	8	21	A=[b1];B=[b1,b2,b2]	M_B_A	2	0	3	3	4	0
108	27	21	A=[b1,b2];B=[b1,b2]	C_B	1	1	1	2	4	0
108	32	21	A=[b1,b2];B=[b1+b2]	C_A	1	1	0	1	2	1
108	23	21	A=[b1+b2];B=[b1+b2]	M_B_A	1	0	0	1	0	2
108	21	21	A=[b1+b2,b1+b2]	C_A	1	1	0	0	0	2
109	4	21	B=[b1,b1,b2,b2]	M_B_A	2	0	6	4	4	0
109	8	21	A=[b1];B=[b1,b2,b2]	M_B_A	2	0	3	3	4	0
109	27	21	A=[b1,b2];B=[b1,b2]	C_B	1	1	1	2	4	0
109	17	21	A=[b1,b2];B=[b1+b2]	M_B_A	1	1	0	1	2	1
109	22	21	A=[b1,b1+b2,b2]	C_A	1	3	0	0	2	1
109	21	21	A=[b1+b1+b2,b2]	C_A	1	1	0	0	1	0
110	4	21	B=[b1,b1,b2,b2]	M_B_A	2	0	6	4	4	0
110	8	21	A=[b1];B=[b1,b2,b2]	M_B_A	2	0	3	3	4	0
110	27	21	A=[b1,b2];B=[b1,b2]	C_B	1	1	1	2	4	0
110	17	21	A=[b1,b2];B=[b1+b2]	M_B_A	1	1	0	1	2	1
110	23	21	A=[b1,b1+b2,b2]	C_A	1	3	0	0	2	1
110	21	21	A=[b1+b2,b1+b2]	C_A	1	1	0	0	0	2
111	4	21	B=[b1,b1,b2,b2]	M_B_A	2	0	6	4	4	0
111	8	21	A=[b1];B=[b1,b2,b2]	M_B_A	2	0	3	3	4	0
111	27	21	A=[b1,b2];B=[b1,b2]	C_B	1	1	1	2	4	0
111	17	21	A=[b1,b2];B=[b1+b2]	M_B_A	1	1	0	1	2	1
111	20	21	A=[b1,b1+b2,b2]	C_A	1	3	0	0	2	1
111	21	21	A=[b1,b1+b2+b2]	C_A	1	1	0	0	1	0
112	4	21	B=[b1,b1,b2,b2]	M_B_A	2	0	6	4	4	0
112	8	21	A=[b1];B=[b1,b2,b2]	M_B_A	2	0	3	3	4	0
112	28	21	A=[b1,b2];B=[b1,b2]	M_B_A	1	1	1	2	4	0
112	29	21	A=[b1,b1,b2];B=[b2]	C_A	1	3	0	1	4	0
112	31	21	A=[b1+b1,b2];B=[b2]	C_A	1	1	0	1	2	1
112	22	21	A=[b1+b1+b2];B=[b2]	M_B_A	1	0	0	1	1	0
112	21	21	A=[b1+b1+b2,b2]	C_A	1	1	0	0	1	0
113	4	21	B=[b1,b1,b2,b2]	M_B_A	2	0	6	4	4	0
113	8	21	A=[b1];B=[b1,b2,b2]	M_B_A	2	0	3	3	4	0
113	28	21	A=[b1,b2];B=[b1,b2]	M_B_A	1	1	1	2	4	0
113	29	21	A=[b1,b1,b2];B=[b2]	C_A	1	3	0	1	4	0
113	16	21	A=[b1+b1,b2];B=[b2]	M_B_A	1	1	0	1	2	1
113	22	21	A=[b1+b1,b2,b2]	C_A	2	3	0	0	2	1
113	21	21	A=[b1+b1+b2,b2]	C_A	1	1	0	0	1	0
114	4	21	B=[b1,b1,b2,b2]	M_B_A	2	0	6	4	4	0
114	8	21	A=[b1];B=[b1,b2,b2]	M_B_A	2	0	3	3	4	0
114	28	21	A=[b1,b2];B=[b1,b2]	M_B_A	1	1	1	2	4	0
114	29	21	A=[b1,b1,b2];B=[b2]	C_A	1	3	0	1	4	0
114	16	21	A=[b1+b1,b2];B=[b2]	M_B_A	1	1	0	1	2	1
114	19	21	A=[b1+b1,b2,b2]	C_A	1	3	0	0	2	1
114	21	21	A=[b1+b1,b2+b2]	C_A	1	1	0	0	0	2
115	4	21	B=[b1,b1,b2,b2]	M_B_A	2	0	6	4	4	0
115	8	21	A=[b1];B=[b1,b2,b2]	M_B_A	2	0	3	3	4	0
115	28	21	A=[b1,b2];B=[b1,b2]	M_B_A	1	1	1	2	4	0
115	30	21	A=[b1,b1,b2];B=[b2]	C_A	2	3	0	1	4	0
115	31	21	A=[b1,b1+b2];B=[b2]	C_A	1	1	0	1	2	1
115	22	21	A=[b1+b1+b2];B=[b2]	M_B_A	1	0	0	1	1	0
115	21	21	A=[b1+b1+b2,b2]	C_A	1	1	0	0	1	0
116	4	21	B=[b1,b1,b2,b2]	M_B_A	2	0	6	4	4	0
116	8	21	A=[b1];B=[b1,b2,b2]	M_B_A	2	0	3	3	4	0
116	28	21	A=[b1,b2];B=[b1,b2]	M_B_A	1	1	1	2	4	0
116	30	21	A=[b1,b1,b2];B=[b2]	C_A	2	3	0	1	4	0
116	17	21	A=[b1,b1+b2];B=[b2]	M_B_A	1	1	0	1	2	1
116	22	21	A=[b1,b1+b2,b2]	C_A	1	3	0	0	2	1
116	21	21	A=[b1+b1+b2,b2]	C_A	1	1	0	0	1	0
117	4	21	B=[b1,b1,b2,b2]	M_B_A	2	0	6	4	4	0
117	8	21	A=[b1];B=[b1,b2,b2]	M_B_A	2	0	3	3	4	0
117	28	21	A=[b1,b2];B=[b1,b2]	M_B_A	1	1	1	2	4	0
117	30	21	A=[b1,b1,b2];B=[b2]	C_A	2	3	0	1	4	0
117	17	21	A=[b1,b1+b2];B=[b2]	M_B_A	1	1	0	1	2	1
117	23	21	A=[b1,b1+b2,b2]	C_A	1	3	0	0	2	1
117	21	21	A=[b1+b2,b1+b2]	C_A	1	1	0	0	0	2
118	4	21	B=[b1,b1,b2,b2]	M_B_A	2	0	6	4	4	0
118	8	21	A=[b1];B=[b1,b2,b2]	M_B_A	2	0	3	3	4	0
118	28	21	A=[b1,b2];B=[b1,b2]	M_B_A	1	1	1	2	4	0
118	30	21	A=[b1,b1,b2];B=[b2]	C_A	2	3	0	1	4	0
118	17	21	A=[b1,b1+b2];B=[b2]	M_B_A	1	1	0	1	2	1
118	20	21	A=[b1,b1+b2,b2]	C_A	1	3	0	0	2	1
118	21	21	A=[b1,b1+b2+b2]	C_A	1	1	0	0	1	0
119	4	21	B=[b1,b1,b2,b2]	M_B_A	2	0	6	4	4	0
119	8	21	A=[b1];B=[b1,b2,b2]	M_B_A	2	0	3	3	4	0
119	28	21	A=[b1,b2];B=[b1,b2]	M_B_A	1	1	1	2	4	0
119	15	21	A=[b1,b1,b2];B=[b2]	M_B_A	1	3	0	1	4	0
119	16	21	A=[b1,b1,b2,b2]	C_A	1	6	0	0	4	0
119	22	21	A=[b1+b1,b2,b2]	C_A	2	3	0	0	2	1
119	21	21	A=[b1+b1+b2,b2]	C_A	1	1	0	0	1	0
120	4	21	B=[b1,b1,b2,b2]	M_B_A	2	0	6	4	4	0
120	8	21	A=[b1];B=[b1,b2,b2]	M_B_A	2	0	3	3	4	0
120	28	21	A=[b1,b2];B=[b1,b2]	M_B_A	1	1	1	2	4	0
120	15	21	A=[b1,b1,b2];B=[b2]	M_B_A	1	3	0	1	4	0
120	16	21	A=[b1,b1,b2,b2]	C_A	1	6	0	0	4	0
120	19	21	A=[b1+b1,b2,b2]	C_A	1	3	0	0	2	1
120	21	21	A=[b1+b1,b2+b2]	C_A	1	1	0	0	0	2
121	4	21	B=[b1,b1,b2,b2]	M_B_A	2	0	6	4	4	0
121	8	21	A=[b1];B=[b1,b2,b2]	M_B_A	2	0	3	3	4	0
121	28	21	A=[b1,b2];B=[b1,b2]	M_B_A	1	1	1	2	4	0
121	15	21	A=[b1,b1,b2];B=[b2]	M_B_A	1	3	0	1	4	0
121	17	21	A=[b1,b1,b2,b2]	C_A	4	6	0	0	4	0
121	22	21	A=[b1,b1+b2,b2]	C_A	1	3	0	0	2	1
121	21	21	A=[b1+b1+b2,b2]	C_A	1	1	0	0	1	0
122	4	21	B=[b1,b1,b2,b2]	M_B_A	2	0	6	4	4	0
122	8	21	A=[b1];B=[b1,b2,b2]	M_B_A	2	0	3	3	4	0
122	28	21	A=[b1,b2];B=[b1,b2]	M_B_A	1	1	1	2	4	0
122	15	21	A=[b1,b1,b2];B=[b2]	M_B_A	1	3	0	1	4	0
122	17	21	A=[b1,b1,b2,b2]	C_A	4	6	0	0	4	0
122	23	21	A=[b1,b1+b2,b2]	C_A	1	3	0	0	2	1
122	21	21	A=[b1+b2,b1+b2]	C_A	1	1	0	0	0	2
123	4	21	B=[b1,b1,b2,b2]	M_B_A	2	0	6	4	4	0
123	8	21	A=[b1];B=[b1,b2,b2]	M_B_A	2	0	3	3	4	0
123	28	21	A=[b1,b2];B=[b1,b2]	M_B_A	1	1	1	2	4	0
123	15	21	A=[b1,b1,b2];B=[b2]	M_B_A	1	3	0	1	4	0
123	17	21	A=[b1,b1,b2,b2]	C_A	4	6	0	0	4	0
123	20	21	A=[b1,b1+b2,b2]	C_A	1	3	0	0	2	1
123	21	21	A=[b1,b1+b2+b2]	C_A	1	1	0	0	1	0
124	4	21	B=[b1,b1,b2,b2]	M_B_A	2	0	6	4	4	0
124	8	21	A=[b1];B=[b1,b2,b2]	M_B_A	2	0	3	3	4	0
124	28	21	A=[b1,b2];B=[b1,b2]	M_B_A	1	1	1	2	4	0
124	15	21	A=[b1,b1,b2];B=[b2]	M_B_A	1	3	0	1	4	0
124	18	21	A=[b1,b1,b2,b2]	C_A	1	6	0	0	4	0
124	19	21	A=[b1,b1,b2+b2]	C_A	1	3	0	0	2	1
124	21	21	A=[b1+b1,b2+b2]	C_A	1	1	0	0	0	2
125	4	21	B=[b1,b1,b2,b2]	M_B_A	2	0	6	4	4	0
125	8	21	A=[b1];B=[b1,b2,b2]	M_B_A	2	0	3	3	4	0
125	28	21	A=[b1,b2];B=[b1,b2]	M_B_A	1	1	1	2	4	0
125	15	21	A=[b1,b1,b2];B=[b2]	M_B_A	1	3	0	1	4	0
125	18	21	A=[b1,b1,b2,b2]	C_A	1	6	0	0	4	0
125	20	21	A=[b1,b1,b2+b2]	C_A	2	3	0	0	2	1
125	21	21	A=[b1,b1+b2+b2]	C_A	1	1	0	0	1	0
126	4	21	B=[b1,b1,b2,b2]	M_B_A	2	0	6	4	4	0
126	8	21	A=[b1];B=[b1,b2,b2]	M_B_A	2	0	3	3	4	0
126	12	21	A=[b1,b2];B=[b1,b2]	M_B_A	1	1	1	2	4	0
126	13	21	A=[b1,b2,b2];B=[b1]	C_A	2	3	0	1	4	0
126	24	21	A=[b1+b2,b2];B=[b1]	C_A	1	1	0	1	2	1
126	20	21	A=[b1+b2+b2];B=[b1]	M_B_A	1	0	0	1	1	0
126	21	21	A=[b1,b1+b2+b2]	C_A	1	1	0	0	1	0
127	4	21	B=[b1,b1,b2,b2]	M_B_A	2	0	6	4	4	0
127	8	21	A=[b1];B=[b1,b2,b2]	M_B_A	2	0	3	3	4	0
127	12	21	A=[b1,b2];B=[b1,b2]	M_B_A	1	1	1	2	4	0
127	13	21	A=[b1,b2,b2];B=[b1]	C_A	2	3	0	1	4	0
127	17	21	A=[b1+b2,b2];B=[b1]	M_B_A	1	1	0	1	2	1
127	22	21	A=[b1,b1+b2,b2]	C_A	1	3	0	0	2	1
127	21	21	A=[b1+b1+b2,b2]	C_A	1	1	0	0	1	0
128	4	21	B=[b1,b1,b2,b2]	M_B_A	2	0	6	4	4	0
128	8	21	A=[b1];B=[b1,b2,b2]	M_B_A	2	0	3	3	4	0
128	12	21	A=[b1,b2];B=[b1,b2]	M_B_A	1	1	1	2	4	0
128	13	21	A=[b1,b2,b2];B=[b1]	C_A	2	3	0	1	4	0
128	17	21	A=[b1+b2,b2];B=[b1]	M_B_A	1	1	0	1	2	1
128	23	21	A=[b1,b1+b2,b2]	C_A	1	3	0	0	2	1
128	21	21	A=[b1+b2,b1+b2]	C_A	1	1	0	0	0	2
129	4	21	B=[b1,b1,b2,b2]	M_B_A	2	0	6	4	4	0
129	8	21	A=[b1];B=[b1,b2,b2]	M_B_A	2	0	3	3	4	0
129	12	21	A=[b1,b2];B=[b1,b2]	M_B_A	1	1	1	2	4	0
129	13	21	A=[b1,b2,b2];B=[b1]	C_A	2	3	0	1	4	0
129	17	21	A=[b1+b2,b2];B=[b1]	M_B_A	1	1	0	1	2	1
129	20	21	A=[b1,b1+b2,b2]	C_A	1	3	0	0	2	1
129	21	21	A=[b1,b1+b2+b2]	C_A	1	1	0	0	1	0
130	4	21	B=[b1,b1,b2,b2]	M_B_A	2	0	6	4	4	0
130	8	21	A=[b1];B=[b1,b2,b2]	M_B_A	2	0	3	3	4	0
130	12	21	A=[b1,b2];B=[b1,b2]	M_B_A	1	1	1	2	4	0
130	14	21	A=[b1,b2,b2];B=[b1]	C_A	1	3	0	1	4	0
130	24	21	A=[b1,b2+b2];B=[b1]	C_A	1	1	0	1	2	1
130	20	21	A=[b1+b2+b2];B=[b1]	M_B_A	1	0	0	1	1	0
130	21	21	A=[b1,b1+b2+b2]	C_A	1	1	0	0	1	0
131	4	21	B=[b1,b1,b2,b2]	M_B_A	2	0	6	4	4	0
131	8	21	A=[b1];B=[b1,b2,b2]	M_B_A	2	0	3	3	4	0
131	12	21	A=[b1,b2];B=[b1,b2]	M_B_A	1	1	1	2	4	0
131	14	21	A=[b1,b2,b2];B=[b1]	C_A	1	3	0	1	4	0
131	18	21	A=[b1,b2+b2];B=[b1]	M_B_A	1	1	0	1	2	1
131	19	21	A=[b1,b1,b2+b2]	C_A	1	3	0	0	2	1
131	21	21	A=[b1+b1,b2+b2]	C_A	1	1	0	0	0	2
132	4	21	B=[b1,b1,b2,b2]	M_B_A	2	0	6	4	4	0
132	8	21	A=[b1];B=[b1,b2,b2]	M_B_A	2	0	3	3	4	0
132	12	21	A=[b1,b2];B=[b1,b2]	M_B_A	1	1	1	2	4	0
132	14	21	A=[b1,b2,b2];B=[b1]	C_A	1	3	0	1	4	0
132	18	21	A=[b1,b2+b2];B=[b1]	M_B_A	1	1	0	1	2	1
132	20	21	A=[b1,b1,b2+b2]	C_A	2	3	0	0	2	1
132	21	21	A=[b1,b1+b2+b2]	C_A	1	1	0	0	1	0
133	4	21	B=[b1,b1,b2,b2]	M_B_A	2	0	6	4	4	0
133	8	21	A=[b1];B=[b1,b2,b2]	M_B_A	2	0	3	3	4	0
133	12	21	A=[b1,b2];B=[b1,b2]	M_B_A	1	1	1	2	4	0
133	15	21	A=[b1,b2,b2];B=[b1]	M_B_A	1	3	0	1	4	0
133	16	21	A=[b1,b1,b2,b2]	C_A	1	6	0	0	4	0
133	22	21	A=[b1+b1,b2,b2]	C_A	2	3	0	0	2	1
133	21	21	A=[b1+b1+b2,b2]	C_A	1	1	0	0	1	0
134	4	21	B=[b1,b1,b2,b2]	M_B_A	2	0	6	4	4	0
134	8	21	A=[b1];B=[b1,b2,b2]	M_B_A	2	0	3	3	4	0
134	12	21	A=[b1,b2];B=[b1,b2]	M_B_A	1	1	1	2	4	0
134	15	21	A=[b1,b2,b2];B=[b1]	M_B_A	1	3	0	1	4	0
134	16	21	A=[b1,b1,b2,b2]	C_A	1	6	0	0	4	0
134	19	21	A=[b1+b1,b2,b2]	C_A	1	3	0	0	2	1
134	21	21	A=[b1+b1,b2+b2]	C_A	1	1	0	0	0	2
135	4	21	B=[b1,b1,b2,b2]	M_B_A	2	0	6	4	4	0
135	8	21	A=[b1];B=[b1,b2,b2]	M_B_A	2	0	3	3	4	0
135	12	21	A=[b1,b2];B=[b1,b2]	M_B_A	1	1	1	2	4	0
135	15	21	A=[b1,b2,b2];B=[b1]	M_B_A	1	3	0	1	4	0
135	17	21	A=[b1,b1,b2,b2]	C_A	4	6	0	0	4	0
135	22	21	A=[b1,b1+b2,b2]	C_A	1	3	0	0	2	1
135	21	21	A=[b1+b1+b2,b2]	C_A	1	1	0	0	1	0
136	4	21	B=[b1,b1,b2,b2]	M_B_A	2	0	6	4	4	0
136	8	21	A=[b1];B=[b1,b2,b2]	M_B_A	2	0	3	3	4	0
136	12	21	A=[b1,b2];B=[b1,b2]	M_B_A	1	1	1	2	4	0
136	15	21	A=[b1,b2,b2];B=[b1]	M_B_A	1	3	0	1	4	0
136	17	21	A=[b1,b1,b2,b2]	C_A	4	6	0	0	4	0
136	23	21	A=[b1,b1+b2,b2]	C_A	1	3	0	0	2	1
136	21	21	A=[b1+b2,b1+b2]	C_A	1	1	0	0	0	2
137	4	21	B=[b1,b1,b2,b2]	M_B_A	2	0	6	4	4	0
137	8	21	A=[b1];B=[b1,b2,b2]	M_B_A	2	0	3	3	4	0
137	12	21	A=[b1,b2];B=[b1,b2]	M_B_A	1	1	1	2	4	0
137	15	21	A=[b1,b2,b2];B=[b1]	M_B_A	1	3	0	1	4	0
137	17	21	A=[b1,b1,b2,b2]	C_A	4	6	0	0	4	0
137	20	21	A=[b1,b1+b2,b2]	C_A	1	3	0	0	2	1
137	21	21	A=[b1,b1+b2+b2]	C_A	1	1	0	0	1	0
138	4	21	B=[b1,b1,b2,b2]	M_B_A	2	0	6	4	4	0
138	8	21	A=[b1];B=[b1,b2,b2]	M_B_A	2	0	3	3	4	0
138	12	21	A=[b1,b2];B=[b1,b2]	M_B_A	1	1	1	2	4	0
138	15	21	A=[b1,b2,b2];B=[b1]	M_B_A	1	3	0	1	4	0
138	18	21	A=[b1,b1,b2,b2]	C_A	1	6	0	0	4	0
138	19	21	A=[b1,b1,b2+b2]	C_A	1	3	0	0	2	1
138	21	21	A=[b1+b1,b2+b2]	C_A	1	1	0	0	0	2
139	4	21	B=[b1,b1,b2,b2]	M_B_A	2	0	6	4	4	0
139	8	21	A=[b1];B=[b1,b2,b2]	M_B_A	2	0	3	3	4	0
139	12	21	A=[b1,b2];B=[b1,b2]	M_B_A	1	1	1	2	4	0
139	15	21	A=[b1,b2,b2];B=[b1]	M_B_A	1	3	0	1	4	0
139	18	21	A=[b1,b1,b2,b2]	C_A	1	6	0	0	4	0
139	20	21	A=[b1,b1,b2+b2]	C_A	2	3	0	0	2	1
139	21	21	A=[b1,b1+b2+b2]	C_A	1	1	0	0	1	0
140	5	21	B=[b1,b1,b2,b2]	M_B_A	2	0	6	4	4	0
140	6	21	A=[b2];B=[b1,b1,b2]	C_B	1	0	3	3	4	0
140	33	21	A=[b2];B=[b1+b1,b2]	C_B	1	0	1	2	2	1
140	22	21	A=[b2];B=[b1+b1+b2]	M_B_A	1	0	0	1	1	0
140	21	21	A=[b1+b1+b2,b2]	C_A	1	1	0	0	1	0
141	5	21	B=[b1,b1,b2,b2]	M_B_A	2	0	6	4	4	0
141	6	21	A=[b2];B=[b1,b1,b2]	C_B	1	0	3	3	4	0
141	29	21	A=[b2];B=[b1+b1,b2]	M_B_A	1	0	1	2	2	1
141	31	21	A=[b1+b1,b2];B=[b2]	C_A	1	1	0	1	2	1
141	22	21	A=[b1+b1+b2];B=[b2]	M_B_A	1	0	0	1	1	0
141	21	21	A=[b1+b1+b2,b2]	C_A	1	1	0	0	1	0
142	5	21	B=[b1,b1,b2,b2]	M_B_A	2	0	6	4	4	0
142	6	21	A=[b2];B=[b1,b1,b2]	C_B	1	0	3	3	4	0
142	29	21	A=[b2];B=[b1+b1,b2]	M_B_A	1	0	1	2	2	1
142	16	21	A=[b1+b1,b2];B=[b2]	M_B_A	1	1	0	1	2	1
142	22	21	A=[b1+b1,b2,b2]	C_A	2	3	0	0	2	1
142	21	21	A=[b1+b1+b2,b2]	C_A	1	1	0	0	1	0
143	5	21	B=[b1,b1,b2,b2]	M_B_A	2	0	6	4	4	0
143	6	21	A=[b2];B=[b1,b1,b2]	C_B	1	0	3	3	4	0
143	29	21	A=[b2];B=[b1+b1,b2]	M_B_A	1	0	1	2	2	1
143	16	21	A=[b1+b1,b2];B=[b2]	M_B_A	1	1	0	1	2	1
143	19	21	A=[b1+b1,b2,b2]	C_A	1	3	0	0	2	1
143	21	21	A=[b1+b1,b2+b2]	C_A	1	1	0	0	0	2
144	5	21	B=[b1,b1,b2,b2]	M_B_A	2	0	6	4	4	0
144	6	21	A=[b2];B=[b1,b1,b2]	C_B	1	0	3	3	4	0
144	11	21	A=[b2];B=[b1+b1,b2]	M_B_A	1	0	1	2	2	1
144	25	21	A=[b2,b2];B=[b1+b1]	C_A	1	1	0	1	2	1
144	19	21	A=[b2+b2];B=[b1+b1]	M_B_A	1	0	0	1	0	2
144	21	21	A=[b1+b1,b2+b2]	C_A	1	1	0	0	0	2
145	5	21	B=[b1,b1,b2,b2]	M_B_A	2	0	6	4	4	0
145	6	21	A=[b2];B=[b1,b1,b2]	C_B	1	0	3	3	4	0
145	11	21	A=[b2];B=[b1+b1,b2]	M_B_A	1	0	1	2	2	1
145	16	21	A=[b2,b2];B=[b1+b1]	M_B_A	1	1	0	1	2	1
145	22	21	A=[b1+b1,b2,b2]	C_A	2	3	0	0	2	1
145	21	21	A=[b1+b1+b2,b2]	C_A	1	1	0	0	1	0
146	5	21	B=[b1,b1,b2,b2]	M_B_A	2	0	6	4	4	0
146	6	21	A=[b2];B=[b1,b1,b2]	C_B	1	0	3	3	4	0
146	11	21	A=[b2];B=[b1+b1,b2]	M_B_A	1	0	1	2	2	1
146	16	21	A=[b2,b2];B=[b1+b1]	M_B_A	1	1	0	1	2	1
146	19	21	A=[b1+b1,b2,b2]	C_A	1	3	0	0	2	1
146	21	21	A=[b1+b1,b2+b2]	C_A	1	1	0	0	0	2
147	5	21	B=[b1,b1,b2,b2]	M_B_A	2	0	6	4	4	0
147	7	21	A=[b2];B=[b1,b1,b2]	C_B	2	0	3	3	4	0
147	33	21	A=[b2];B=[b1,b1+b2]	C_B	1	0	1	2	2	1
147	22	21	A=[b2];B=[b1+b1+b2]	M_B_A	1	0	0	1	1	0
147	21	21	A=[b1+b1+b2,b2]	C_A	1	1	0	0	1	0
148	5	21	B=[b1,b1,b2,b2]	M_B_A	2	0	6	4	4	0
148	7	21	A=[b2];B=[b1,b1,b2]	C_B	2	0	3	3	4	0
148	27	21	A=[b2];B=[b1,b1+b2]	M_B_A	1	0	1	2	2	1
148	32	21	A=[b1,b2];B=[b1+b2]	C_A	1	1	0	1	2	1
148	23	21	A=[b1+b2];B=[b1+b2]	M_B_A	1	0	0	1	0	2
148	21	21	A=[b1+b2,b1+b2]	C_A	1	1	0	0	0	2
149	5	21	B=[b1,b1,b2,b2]	M_B_A	2	0	6	4	4	0
149	7	21	A=[b2];B=[b1,b1,b2]	C_B	2	0	3	3	4	0
149	27	21	A=[b2];B=[b1,b1+b2]	M_B_A	1	0	1	2	2	1
149	17	21	A=[b1,b2];B=[b1+b2]	M_B_A	1	1	0	1	2	1
149	22	21	A=[b1,b1+b2,b2]	C_A	1	3	0	0	2	1
149	21	21	A=[b1+b1+b2,b2]	C_A	1	1	0	0	1	0
150	5	21	B=[b1,b1,b2,b2]	M_B_A	2	0	6	4	4	0
150	7	21	A=[b2];B=[b1,b1,b2]	C_B	2	0	3	3	4	0
150	27	21	A=[b2];B=[b1,b1+b2]	M_B_A	1	0	1	2	2	1
150	17	21	A=[b1,b2];B=[b1+b2]	M_B_A	1	1	0	1	2	1
150	23	21	A=[b1,b1+b2,b2]	C_A	1	3	0	0	2	1
150	21	21	A=[b1+b2,b1+b2]	C_A	1	1	0	0	0	2
151	5	21	B=[b1,b1,b2,b2]	M_B_A	2	0	6	4	4	0
151	7	21	A=[b2];B=[b1,b1,b2]	C_B	2	0	3	3	4	0
151	27	21	A=[b2];B=[b1,b1+b2]	M_B_A	1	0	1	2	2	1
151	17	21	A=[b1,b2];B=[b1+b2]	M_B_A	1	1	0	1	2	1
151	20	21	A=[b1,b1+b2,b2]	C_A	1	3	0	0	2	1
151	21	21	A=[b1,b1+b2+b2]	C_A	1	1	0	0	1	0
152	5	21	B=[b1,b1,b2,b2]	M_B_A	2	0	6	4	4	0
152	7	21	A=[b2];B=[b1,b1,b2]	C_B	2	0	3	3	4	0
152	13	21	A=[b2];B=[b1,b1+b2]	M_B_A	1	0	1	2	2	1
152	24	21	A=[b1+b2,b2];B=[b1]	C_A	1	1	0	1	2	1
152	20	21	A=[b1+b2+b2];B=[b1]	M_B_A	1	0	0	1	1	0
152	21	21	A=[b1,b1+b2+b2]	C_A	1	1	0	0	1	0
153	5	21	B=[b1,b1,b2,b2]	M_B_A	2	0	6	4	4	0
153	7	21	A=[b2];B=[b1,b1,b2]	C_B	2	0	3	3	4	0
153	13	21	A=[b2];B=[b1,b1+b2]	M_B_A	1	0	1	2	2	1
153	17	21	A=[b1+b2,b2];B=[b1]	M_B_A	1	1	0	1	2	1
153	22	21	A=[b1,b1+b2,b2]	C_A	1	3	0	0	2	1
153	21	21	A=[b1+b1+b2,b2]	C_A	1	1	0	0	1	0
154	5	21	B=[b1,b1,b2,b2]	M_B_A	2	0	6	4	4	0
154	7	21	A=[b2];B=[b1,b1,b2]	C_B	2	0	3	3	4	0
154	13	21	A=[b2];B=[b1,b1+b2]	M_B_A	1	0	1	2	2	1
154	17	21	A=[b1+b2,b2];B=[b1]	M_B_A	1	1	0	1	2	1
154	23	21	A=[b1,b1+b2,b2]	C_A	1	3	0	0	2	1
154	21	21	A=[b1+b2,b1+b2]	C_A	1	1	0	0	0	2
155	5	21	B=[b1,b1,b2,b2]	M_B_A	2	0	6	4	4	0
155	7	21	A=[b2];B=[b1,b1,b2]	C_B	2	0	3	3	4	0
155	13	21	A=[b2];B=[b1,b1+b2]	M_B_A	1	0	1	2	2	1
155	17	21	A=[b1+b2,b2];B=[b1]	M_B_A	1	1	0	1	2	1
155	20	21	A=[b1,b1+b2,b2]	C_A	1	3	0	0	2	1
155	21	21	A=[b1,b1+b2+b2]	C_A	1	1	0	0	1	0
156	5	21	B=[b1,b1,b2,b2]	M_B_A	2	0	6	4	4	0
156	8	21	A=[b2];B=[b1,b1,b2]	M_B_A	2	0	3	3	4	0
156	26	21	A=[b1,b2];B=[b1,b2]	C_A	1	1	1	2	4	0
156	32	21	A=[b1+b2];B=[b1,b2]	C_B	1	0	1	2	2	1
156	23	21	A=[b1+b2];B=[b1+b2]	M_B_A	1	0	0	1	0	2
156	21	21	A=[b1+b2,b1+b2]	C_A	1	1	0	0	0	2
157	5	21	B=[b1,b1,b2,b2]	M_B_A	2	0	6	4	4	0
157	8	21	A=[b2];B=[b1,b1,b2]	M_B_A	2	0	3	3	4	0
157	26	21	A=[b1,b2];B=[b1,b2]	C_A	1	1	1	2	4	0
157	30	21	A=[b1+b2];B=[b1,b2]	M_B_A	1	0	1	2	2	1
157	31	21	A=[b1,b1+b2];B=[b2]	C_A	1	1	0	1	2	1
157	22	21	A=[b1+b1+b2];B=[b2]	M_B_A	1	0	0	1	1	0
157	21	21	A=[b1+b1+b2,b2]	C_A	1	1	0	0	1	0
158	5	21	B=[b1,b1,b2,b2]	M_B_A	2	0	6	4	4	0
158	8	21	A=[b2];B=[b1,b1,b2]	M_B_A	2	0	3	3	4	0
158	26	21	A=[b1,b2];B=[b1,b2]	C_A	1	1	1	2	4	0
158	30	21	A=[b1+b2];B=[b1,b2]	M_B_A	1	0	1	2	2	1
158	17	21	A=[b1,b1+b2];B=[b2]	M_B_A	1	1	0	1	2	1
158	22	21	A=[b1,b1+b2,b2]	C_A	1	3	0	0	2	1
158	21	21	A=[b1+b1+b2,b2]	C_A	1	1	0	0	1	0
159	5	21	B=[b1,b1,b2,b2]	M_B_A	2	0	6	4	4	0
159	8	21	A=[b2];B=[b1,b1,b2]	M_B_A	2	0	3	3	4	0
159	26	21	A=[b1,b2];B=[b1,b2]	C_A	1	1	1	2	4	0
159	30	21	A=[b1+b2];B=[b1,b2]	M_B_A	1	0	1	2	2	1
159	17	21	A=[b1,b1+b2];B=[b2]	M_B_A	1	1	0	1	2	1
159	23	21	A=[b1,b1+b2,b2]	C_A	1	3	0	0	2	1
159	21	21	A=[b1+b2,b1+b2]	C_A	1	1	0	0	0	2
160	5	21	B=[b1,b1,b2,b2]	M_B_A	2	0	6	4	4	0
160	8	21	A=[b2];B=[b1,b1,b2]	M_B_A	2	0	3	3	4	0
160	26	21	A=[b1,b2];B=[b1,b2]	C_A	1	1	1	2	4	0
160	30	21	A=[b1+b2];B=[b1,b2]	M_B_A	1	0	1	2	2	1
160	17	21	A=[b1,b1+b2];B=[b2]	M_B_A	1	1	0	1	2	1
160	20	21	A=[b1,b1+b2,b2]	C_A	1	3	0	0	2	1
160	21	21	A=[b1,b1+b2+b2]	C_A	1	1	0	0	1	0
161	5	21	B=[b1,b1,b2,b2]	M_B_A	2	0	6	4	4	0
161	8	21	A=[b2];B=[b1,b1,b2]	M_B_A	2	0	3	3	4	0
161	26	21	A=[b1,b2];B=[b1,b2]	C_A	1	1	1	2	4	0
161	13	21	A=[b1+b2];B=[b1,b2]	M_B_A	1	0	1	2	2	1
161	24	21	A=[b1+b2,b2];B=[b1]	C_A	1	1	0	1	2	1
161	20	21	A=[b1+b2+b2];B=[b1]	M_B_A	1	0	0	1	1	0
161	21	21	A=[b1,b1+b2+b2]	C_A	1	1	0	0	1	0
162	5	21	B=[b1,b1,b2,b2]	M_B_A	2	0	6	4	4	0
162	8	21	A=[b2];B=[b1,b1,b2]	M_B_A	2	0	3	3	4	0
162	26	21	A=[b1,b2];B=[b1,b2]	C_A	1	1	1	2	4	0
162	13	21	A=[b1+b2];B=[b1,b2]	M_B_A	1	0	1	2	2	1
162	17	21	A=[b1+b2,b2];B=[b1]	M_B_A	1	1	0	1	2	1
162	22	21	A=[b1,b1+b2,b2]	C_A	1	3	0	0	2	1
162	21	21	A=[b1+b1+b2,b2]	C_A	1	1	0	0	1	0
163	5	21	B=[b1,b1,b2,b2]	M_B_A	2	0	6	4	4	0
163	8	21	A=[b2];B=[b1,b1,b2]	M_B_A	2	0	3	3	4	0
163	26	21	A=[b1,b2];B=[b1,b2]	C_A	1	1	1	2	4	0
163	13	21	A=[b1+b2];B=[b1,b2]	M_B_A	1	0	1	2	2	1
163	17	21	A=[b1+b2,b2];B=[b1]	M_B_A	1	1	0	1	2	1
163	23	21	A=[b1,b1+b2,b2]	C_A	1	3	0	0	2	1
163	21	21	A=[b1+b2,b1+b2]	C_A	1	1	0	0	0	2
164	5	21	B=[b1,b1,b2,b2]	M_B_A	2	0	6	4	4	0
164	8	21	A=[b2];B=[b1,b1,b2]	M_B_A	2	0	3	3	4	0
164	26	21	A=[b1,b2];B=[b1,b2]	C_A	1	1	1	2	4	0
164	13	21	A=[b1+b2];B=[b1,b2]	M_B_A	1	0	1	2	2	1
164	17	21	A=[b1+b2,b2];B=[b1]	M_B_A	1	1	0	1	2	1
164	20	21	A=[b1,b1+b2,b2]	C_A	1	3	0	0	2	1
164	21	21	A=[b1,b1+b2+b2]	C_A	1	1	0	0	1	0
165	5	21	B=[b1,b1,b2,b2]	M_B_A	2	0	6	4	4	0
165	8	21	A=[b2];B=[b1,b1,b2]	M_B_A	2	0	3	3	4	0
165	27	21	A=[b1,b2];B=[b1,b2]	C_B	1	1	1	2	4	0
165	32	21	A=[b1,b2];B=[b1+b2]	C_A	1	1	0	1	2	1
165	23	21	A=[b1+b2];B=[b1+b2]	M_B_A	1	0	0	1	0	2
165	21	21	A=[b1+b2,b1+b2]	C_A	1	1	0	0	0	2
166	5	21	B=[b1,b1,b2,b2]	M_B_A	2	0	6	4	4	0
166	8	21	A=[b2];B=[b1,b1,b2]	M_B_A	2	0	3	3	4	0
166	27	21	A=[b1,b2];B=[b1,b2]	C_B	1	1	1	2	4	0
166	17	21	A=[b1,b2];B=[b1+b2]	M_B_A	1	1	0	1	2	1
166	22	21	A=[b1,b1+b2,b2]	C_A	1	3	0	0	2	1
166	21	21	A=[b1+b1+b2,b2]	C_A	1	1	0	0	1	0
167	5	21	B=[b1,b1,b2,b2]	M_B_A	2	0	6	4	4	0
167	8	21	A=[b2];B=[b1,b1,b2]	M_B_A	2	0	3	3	4	0
167	27	21	A=[b1,b2];B=[b1,b2]	C_B	1	1	1	2	4	0
167	17	21	A=[b1,b2];B=[b1+b2]	M_B_A	1	1	0	1	2	1
167	23	21	A=[b1,b1+b2,b2]	C_A	1	3	0	0	2	1
167	21	21	A=[b1+b2,b1+b2]	C_A	1	1	0	0	0	2
168	5	21	B=[b1,b1,b2,b2]	M_B_A	2	0	6	4	4	0
168	8	21	A=[b2];B=[b1,b1,b2]	M_B_A	2	0	3	3	4	0
168	27	21	A=[b1,b2];B=[b1,b2]	C_B	1	1	1	2	4	0
168	17	21	A=[b1,b2];B=[b1+b2]	M_B_A	1	1	0	1	2	1
168	20	21	A=[b1,b1+b2,b2]	C_A	1	3	0	0	2	1
168	21	21	A=[b1,b1+b2+b2]	C_A	1	1	0	0	1	0
169	5	21	B=[b1,b1,b2,b2]	M_B_A	2	0	6	4	4	0
169	8	21	A=[b2];B=[b1,b1,b2]	M_B_A	2	0	3	3	4	0
169	28	21	A=[b1,b2];B=[b1,b2]	M_B_A	1	1	1	2	4	0
169	29	21	A=[b1,b1,b2];B=[b2]	C_A	1	3	0	1	4	0
169	31	21	A=[b1+b1,b2];B=[b2]	C_A	1	1	0	1	2	1
169	22	21	A=[b1+b1+b2];B=[b2]	M_B_A	1	0	0	1	1	0
169	21	21	A=[b1+b1+b2,b2]	C_A	1	1	0	0	1	0
170	5	21	B=[b1,b1,b2,b2]	M_B_A	2	0	6	4	4	0
170	8	21	A=[b2];B=[b1,b1,b2]	M_B_A	2	0	3	3	4	0
170	28	21	A=[b1,b2];B=[b1,b2]	M_B_A	1	1	1	2	4	0
170	29	21	A=[b1,b1,b2];B=[b2]	C_A	1	3	0	1	4	0
170	16	21	A=[b1+b1,b2];B=[b2]	M_B_A	1	1	0	1	2	1
170	22	21	A=[b1+b1,b2,b2]	C_A	2	3	0	0	2	1
170	21	21	A=[b1+b1+b2,b2]	C_A	1	1	0	0	1	0
171	5	21	B=[b1,b1,b2,b2]	M_B_A	2	0	6	4	4	0
171	8	21	A=[b2];B=[b1,b1,b2]	M_B_A	2	0	3	3	4	0
171	28	21	A=[b1,b2];B=[b1,b2]	M_B_A	1	1	1	2	4	0
171	29	21	A=[b1,b1,b2];B=[b2]	C_A	1	3	0	1	4	0
171	16	21	A=[b1+b1,b2];B=[b2]	M_B_A	1	1	0	1	2	1
171	19	21	A=[b1+b1,b2,b2]	C_A	1	3	0	0	2	1
171	21	21	A=[b1+b1,b2+b2]	C_A	1	1	0	0	0	2
172	5	21	B=[b1,b1,b2,b2]	M_B_A	2	0	6	4	4	0
172	8	21	A=[b2];B=[b1,b1,b2]	M_B_A	2	0	3	3	4	0
172	28	21	A=[b1,b2];B=[b1,b2]	M_B_A	1	1	1	2	4	0
172	30	21	A=[b1,b1,b2];B=[b2]	C_A	2	3	0	1	4	0
172	31	21	A=[b1,b1+b2];B=[b2]	C_A	1	1	0	1	2	1
172	22	21	A=[b1+b1+b2];B=[b2]	M_B_A	1	0	0	1	1	0
172	21	21	A=[b1+b1+b2,b2]	C_A	1	1	0	0	1	0
173	5	21	B=[b1,b1,b2,b2]	M_B_A	2	0	6	4	4	0
173	8	21	A=[b2];B=[b1,b1,b2]	M_B_A	2	0	3	3	4	0
173	28	21	A=[b1,b2];B=[b1,b2]	M_B_A	1	1	1	2	4	0
173	30	21	A=[b1,b1,b2];B=[b2]	C_A	2	3	0	1	4	0
173	17	21	A=[b1,b1+b2];B=[b2]	M_B_A	1	1	0	1	2	1
173	22	21	A=[b1,b1+b2,b2]	C_A	1	3	0	0	2	1
173	21	21	A=[b1+b1+b2,b2]	C_A	1	1	0	0	1	0
174	5	21	B=[b1,b1,b2,b2]	M_B_A	2	0	6	4	4	0
174	8	21	A=[b2];B=[b1,b1,b2]	M_B_A	2	0	3	3	4	0
174	28	21	A=[b1,b2];B=[b1,b2]	M_B_A	1	1	1	2	4	0
174	30	21	A=[b1,b1,b2];B=[b2]	C_A	2	3	0	1	4	0
174	17	21	A=[b1,b1+b2];B=[b2]	M_B_A	1	1	0	1	2	1
174	23	21	A=[b1,b1+b2,b2]	C_A	1	3	0	0	2	1
174	21	21	A=[b1+b2,b1+b2]	C_A	1	1	0	0	0	2
175	5	21	B=[b1,b1,b2,b2]	M_B_A	2	0	6	4	4	0
175	8	21	A=[b2];B=[b1,b1,b2]	M_B_A	2	0	3	3	4	0
175	28	21	A=[b1,b2];B=[b1,b2]	M_B_A	1	1	1	2	4	0
175	30	21	A=[b1,b1,b2];B=[b2]	C_A	2	3	0	1	4	0
175	17	21	A=[b1,b1+b2];B=[b2]	M_B_A	1	1	0	1	2	1
175	20	21	A=[b1,b1+b2,b2]	C_A	1	3	0	0	2	1
175	21	21	A=[b1,b1+b2+b2]	C_A	1	1	0	0	1	0
176	5	21	B=[b1,b1,b2,b2]	M_B_A	2	0	6	4	4	0
176	8	21	A=[b2];B=[b1,b1,b2]	M_B_A	2	0	3	3	4	0
176	28	21	A=[b1,b2];B=[b1,b2]	M_B_A	1	1	1	2	4	0
176	15	21	A=[b1,b1,b2];B=[b2]	M_B_A	1	3	0	1	4	0
176	16	21	A=[b1,b1,b2,b2]	C_A	1	6	0	0	4	0
176	22	21	A=[b1+b1,b2,b2]	C_A	2	3	0	0	2	1
176	21	21	A=[b1+b1+b2,b2]	C_A	1	1	0	0	1	0
177	5	21	B=[b1,b1,b2,b2]	M_B_A	2	0	6	4	4	0
177	8	21	A=[b2];B=[b1,b1,b2]	M_B_A	2	0	3	3	4	0
177	28	21	A=[b1,b2];B=[b1,b2]	M_B_A	1	1	1	2	4	0
177	15	21	A=[b1,b1,b2];B=[b2]	M_B_A	1	3	0	1	4	0
177	16	21	A=[b1,b1,b2,b2]	C_A	1	6	0	0	4	0
177	19	21	A=[b1+b1,b2,b2]	C_A	1	3	0	0	2	1
177	21	21	A=[b1+b1,b2+b2]	C_A	1	1	0	0	0	2
178	5	21	B=[b1,b1,b2,b2]	M_B_A	2	0	6	4	4	0
178	8	21	A=[b2];B=[b1,b1,b2]	M_B_A	2	0	3	3	4	0
178	28	21	A=[b1,b2];B=[b1,b2]	M_B_A	1	1	1	2	4	0
178	15	21	A=[b1,b1,b2];B=[b2]	M_B_A	1	3	0	1	4	0
178	17	21	A=[b1,b1,b2,b2]	C_A	4	6	0	0	4	0
178	22	21	A=[b1,b1+b2,b2]	C_A	1	3	0	0	2	1
178	21	21	A=[b1+b1+b2,b2]	C_A	1	1	0	0	1	0
179	5	21	B=[b1,b1,b2,b2]	M_B_A	2	0	6	4	4	0
179	8	21	A=[b2];B=[b1,b1,b2]	M_B_A	2	0	3	3	4	0
179	28	21	A=[b1,b2];B=[b1,b2]	M_B_A	1	1	1	2	4	0
179	15	21	A=[b1,b1,b2];B=[b2]	M_B_A	1	3	0	1	4	0
179	17	21	A=[b1,b1,b2,b2]	C_A	4	6	0	0	4	0
179	23	21	A=[b1,b1+b2,b2]	C_A	1	3	0	0	2	1
179	21	21	A=[b1+b2,b1+b2]	C_A	1	1	0	0	0	2
180	5	21	B=[b1,b1,b2,b2]	M_B_A	2	0	6	4	4	0
180	8	21	A=[b2];B=[b1,b1,b2]	M_B_A	2	0	3	3	4	0
180	28	21	A=[b1,b2];B=[b1,b2]	M_B_A	1	1	1	2	4	0
180	15	21	A=[b1,b1,b2];B=[b2]	M_B_A	1	3	0	1	4	0
180	17	21	A=[b1,b1,b2,b2]	C_A	4	6	0	0	4	0
180	20	21	A=[b1,b1+b2,b2]	C_A	1	3	0	0	2	1
180	21	21	A=[b1,b1+b2+b2]	C_A	1	1	0	0	1	0
181	5	21	B=[b1,b1,b2,b2]	M_B_A	2	0	6	4	4	0
181	8	21	A=[b2];B=[b1,b1,b2]	M_B_A	2	0	3	3	4	0
181	28	21	A=[b1,b2];B=[b1,b2]	M_B_A	1	1	1	2	4	0
181	15	21	A=[b1,b1,b2];B=[b2]	M_B_A	1	3	0	1	4	0
181	18	21	A=[b1,b1,b2,b2]	C_A	1	6	0	0	4	0
181	19	21	A=[b1,b1,b2+b2]	C_A	1	3	0	0	2	1
181	21	21	A=[b1+b1,b2+b2]	C_A	1	1	0	0	0	2
182	5	21	B=[b1,b1,b2,b2]	M_B_A	2	0	6	4	4	0
182	8	21	A=[b2];B=[b1,b1,b2]	M_B_A	2	0	3	3	4	0
182	28	21	A=[b1,b2];B=[b1,b2]	M_B_A	1	1	1	2	4	0
182	15	21	A=[b1,b1,b2];B=[b2]	M_B_A	1	3	0	1	4	0
182	18	21	A=[b1,b1,b2,b2]	C_A	1	6	0	0	4	0
182	20	21	A=[b1,b1,b2+b2]	C_A	2	3	0	0	2	1
182	21	21	A=[b1,b1+b2+b2]	C_A	1	1	0	0	1	0
183	5	21	B=[b1,b1,b2,b2]	M_B_A	2	0	6	4	4	0
183	8	21	A=[b2];B=[b1,b1,b2]	M_B_A	2	0	3	3	4	0
183	12	21	A=[b1,b2];B=[b1,b2]	M_B_A	1	1	1	2	4	0
183	13	21	A=[b1,b2,b2];B=[b1]	C_A	2	3	0	1	4	0
183	24	21	A=[b1+b2,b2];B=[b1]	C_A	1	1	0	1	2	1
183	20	21	A=[b1+b2+b2];B=[b1]	M_B_A	1	0	0	1	1	0
183	21	21	A=[b1,b1+b2+b2]	C_A	1	1	0	0	1	0
184	5	21	B=[b1,b1,b2,b2]	M_B_A	2	0	6	4	4	0
184	8	21	A=[b2];B=[b1,b1,b2]	M_B_A	2	0	3	3	4	0
184	12	21	A=[b1,b2];B=[b1,b2]	M_B_A	1	1	1	2	4	0
184	13	21	A=[b1,b2,b2];B=[b1]	C_A	2	3	0	1	4	0
184	17	21	A=[b1+b2,b2];B=[b1]	M_B_A	1	1	0	1	2	1
184	22	21	A=[b1,b1+b2,b2]	C_A	1	3	0	0	2	1
184	21	21	A=[b1+b1+b2,b2]	C_A	1	1	0	0	1	0
185	5	21	B=[b1,b1,b2,b2]	M_B_A	2	0	6	4	4	0
185	8	21	A=[b2];B=[b1,b1,b2]	M_B_A	2	0	3	3	4	0
185	12	21	A=[b1,b2];B=[b1,b2]	M_B_A	1	1	1	2	4	0
185	13	21	A=[b1,b2,b2];B=[b1]	C_A	2	3	0	1	4	0
185	17	21	A=[b1+b2,b2];B=[b1]	M_B_A	1	1	0	1	2	1
185	23	21	A=[b1,b1+b2,b2]	C_A	1	3	0	0	2	1
185	21	21	A=[b1+b2,b1+b2]	C_A	1	1	0	0	0	2
186	5	21	B=[b1,b1,b2,b2]	M_B_A	2	0	6	4	4	0
186	8	21	A=[b2];B=[b1,b1,b2]	M_B_A	2	0	3	3	4	0
186	12	21	A=[b1,b2];B=[b1,b2]	M_B_A	1	1	1	2	4	0
186	13	21	A=[b1,b2,b2];B=[b1]	C_A	2	3	0	1	4	0
186	17	21	A=[b1+b2,b2];B=[b1]	M_B_A	1	1	0	1	2	1
186	20	21	A=[b1,b1+b2,b2]	C_A	1	3	0	0	2	1
186	21	21	A=[b1,b1+b2+b2]	C_A	1	1	0	0	1	0
187	5	21	B=[b1,b1,b2,b2]	M_B_A	2	0	6	4	4	0
187	8	21	A=[b2];B=[b1,b1,b2]	M_B_A	2	0	3	3	4	0
187	12	21	A=[b1,b2];B=[b1,b2]	M_B_A	1	1	1	2	4	0
187	14	21	A=[b1,b2,b2];B=[b1]	C_A	1	3	0	1	4	0
187	24	21	A=[b1,b2+b2];B=[b1]	C_A	1	1	0	1	2	1
187	20	21	A=[b1+b2+b2];B=[b1]	M_B_A	1	0	0	1	1	0
187	21	21	A=[b1,b1+b2+b2]	C_A	1	1	0	0	1	0
188	5	21	B=[b1,b1,b2,b2]	M_B_A	2	0	6	4	4	0
188	8	21	A=[b2];B=[b1,b1,b2]	M_B_A	2	0	3	3	4	0
188	12	21	A=[b1,b2];B=[b1,b2]	M_B_A	1	1	1	2	4	0
188	14	21	A=[b1,b2,b2];B=[b1]	C_A	1	3	0	1	4	0
188	18	21	A=[b1,b2+b2];B=[b1]	M_B_A	1	1	0	1	2	1
188	19	21	A=[b1,b1,b2+b2]	C_A	1	3	0	0	2	1
188	21	21	A=[b1+b1,b2+b2]	C_A	1	1	0	0	0	2
189	5	21	B=[b1,b1,b2,b2]	M_B_A	2	0	6	4	4	0
189	8	21	A=[b2];B=[b1,b1,b2]	M_B_A	2	0	3	3	4	0
189	12	21	A=[b1,b2];B=[b1,b2]	M_B_A	1	1	1	2	4	0
189	14	21	A=[b1,b2,b2];B=[b1]	C_A	1	3	0	1	4	0
189	18	21	A=[b1,b2+b2];B=[b1]	M_B_A	1	1	0	1	2	1
189	20	21	A=[b1,b1,b2+b2]	C_A	2	3	0	0	2	1
189	21	21	A=[b1,b1+b2+b2]	C_A	1	1	0	0	1	0
190	5	21	B=[b1,b1,b2,b2]	M_B_A	2	0	6	4	4	0
190	8	21	A=[b2];B=[b1,b1,b2]	M_B_A	2	0	3	3	4	0
190	12	21	A=[b1,b2];B=[b1,b2]	M_B_A	1	1	1	2	4	0
190	15	21	A=[b1,b2,b2];B=[b1]	M_B_A	1	3	0	1	4	0
190	16	21	A=[b1,b1,b2,b2]	C_A	1	6	0	0	4	0
190	22	21	A=[b1+b1,b2,b2]	C_A	2	3	0	0	2	1
190	21	21	A=[b1+b1+b2,b2]	C_A	1	1	0	0	1	0
191	5	21	B=[b1,b1,b2,b2]	M_B_A	2	0	6	4	4	0
191	8	21	A=[b2];B=[b1,b1,b2]	M_B_A	2	0	3	3	4	0
191	12	21	A=[b1,b2];B=[b1,b2]	M_B_A	1	1	1	2	4	0
191	15	21	A=[b1,b2,b2];B=[b1]	M_B_A	1	3	0	1	4	0
191	16	21	A=[b1,b1,b2,b2]	C_A	1	6	0	0	4	0
191	19	21	A=[b1+b1,b2,b2]	C_A	1	3	0	0	2	1
191	21	21	A=[b1+b1,b2+b2]	C_A	1	1	0	0	0	2
192	5	21	B=[b1,b1,b2,b2]	M_B_A	2	0	6	4	4	0
192	8	21	A=[b2];B=[b1,b1,b2]	M_B_A	2	0	3	3	4	0
192	12	21	A=[b1,b2];B=[b1,b2]	M_B_A	1	1	1	2	4	0
192	15	21	A=[b1,b2,b2];B=[b1]	M_B_A	1	3	0	1	4	0
192	17	21	A=[b1,b1,b2,b2]	C_A	4	6	0	0	4	0
192	22	21	A=[b1,b1+b2,b2]	C_A	1	3	0	0	2	1
192	21	21	A=[b1+b1+b2,b2]	C_A	1	1	0	0	1	0
193	5	21	B=[b1,b1,b2,b2]	M_B_A	2	0	6	4	4	0
193	8	21	A=[b2];B=[b1,b1,b2]	M_B_A	2	0	3	3	4	0
193	12	21	A=[b1,b2];B=[b1,b2]	M_B_A	1	1	1	2	4	0
193	15	21	A=[b1,b2,b2];B=[b1]	M_B_A	1	3	0	1	4	0
193	17	21	A=[b1,b1,b2,b2]	C_A	4	6	0	0	4	0
193	23	21	A=[b1,b1+b2,b2]	C_A	1	3	0	0	2	1
193	21	21	A=[b1+b2,b1+b2]	C_A	1	1	0	0	0	2
194	5	21	B=[b1,b1,b2,b2]	M_B_A	2	0	6	4	4	0
194	8	21	A=[b2];B=[b1,b1,b2]	M_B_A	2	0	3	3	4	0
194	12	21	A=[b1,b2];B=[b1,b2]	M_B_A	1	1	1	2	4	0
194	15	21	A=[b1,b2,b2];B=[b1]	M_B_A	1	3	0	1	4	0
194	17	21	A=[b1,b1,b2,b2]	C_A	4	6	0	0	4	0
194	20	21	A=[b1,b1+b2,b2]	C_A	1	3	0	0	2	1
194	21	21	A=[b1,b1+b2+b2]	C_A	1	1	0	0	1	0
195	5	21	B=[b1,b1,b2,b2]	M_B_A	2	0	6	4	4	0
195	8	21	A=[b2];B=[b1,b1,b2]	M_B_A	2	0	3	3	4	0
195	12	21	A=[b1,b2];B=[b1,b2]	M_B_A	1	1	1	2	4	0
195	15	21	A=[b1,b2,b2];B=[b1]	M_B_A	1	3	0	1	4	0
195	18	21	A=[b1,b1,b2,b2]	C_A	1	6	0	0	4	0
195	19	21	A=[b1,b1,b2+b2]	C_A	1	3	0	0	2	1
195	21	21	A=[b1+b1,b2+b2]	C_A	1	1	0	0	0	2
196	5	21	B=[b1,b1,b2,b2]	M_B_A	2	0	6	4	4	0
196	8	21	A=[b2];B=[b1,b1,b2]	M_B_A	2	0	3	3	4	0
196	12	21	A=[b1,b2];B=[b1,b2]	M_B_A	1	1	1	2	4	0
196	15	21	A=[b1,b2,b2];B=[b1]	M_B_A	1	3	0	1	4	0
196	18	21	A=[b1,b1,b2,b2]	C_A	1	6	0	0	4	0
196	20	21	A=[b1,b1,b2+b2]	C_A	2	3	0	0	2	1
196	21	21	A=[b1,b1+b2+b2]	C_A	1	1	0	0	1	0
197	5	21	B=[b1,b1,b2,b2]	M_B_A	2	0	6	4	4	0
197	9	21	A=[b2];B=[b1,b1,b2]	M_B_A	1	0	3	3	4	0
197	10	21	A=[b2,b2];B=[b1,b1]	C_A	1	1	1	2	4	0
197	25	21	A=[b2+b2];B=[b1,b1]	C_B	1	0	1	2	2	1
197	19	21	A=[b2+b2];B=[b1+b1]	M_B_A	1	0	0	1	0	2
197	21	21	A=[b1+b1,b2+b2]	C_A	1	1	0	0	0	2
198	5	21	B=[b1,b1,b2,b2]	M_B_A	2	0	6	4	4	0
198	9	21	A=[b2];B=[b1,b1,b2]	M_B_A	1	0	3	3	4	0
198	10	21	A=[b2,b2];B=[b1,b1]	C_A	1	1	1	2	4	0
198	14	21	A=[b2+b2];B=[b1,b1]	M_B_A	2	0	1	2	2	1
198	24	21	A=[b1,b2+b2];B=[b1]	C_A	1	1	0	1	2	1
198	20	21	A=[b1+b2+b2];B=[b1]	M_B_A	1	0	0	1	1	0
198	21	21	A=[b1,b1+b2+b2]	C_A	1	1	0	0	1	0
199	5	21	B=[b1,b1,b2,b2]	M_B_A	2	0	6	4	4	0
199	9	21	A=[b2];B=[b1,b1,b2]	M_B_A	1	0	3	3	4	0
199	10	21	A=[b2,b2];B=[b1,b1]	C_A	1	1	1	2	4	0
199	14	21	A=[b2+b2];B=[b1,b1]	M_B_A	2	0	1	2	2	1
199	18	21	A=[b1,b2+b2];B=[b1]	M_B_A	1	1	0	1	2	1
199	19	21	A=[b1,b1,b2+b2]	C_A	1	3	0	0	2	1
199	21	21	A=[b1+b1,b2+b2]	C_A	1	1	0	0	0	2
200	5	21	B=[b1,b1,b2,b2]	M_B_A	2	0	6	4	4	0
200	9	21	A=[b2];B=[b1,b1,b2]	M_B_A	1	0	3	3	4	0
200	10	21	A=[b2,b2];B=[b1,b1]	C_A	1	1	1	2	4	0
200	14	21	A=[b2+b2];B=[b1,b1]	M_B_A	2	0	1	2	2	1
200	18	21	A=[b1,b2+b2];B=[b1]	M_B_A	1	1	0	1	2	1
200	20	21	A=[b1,b1,b2+b2]	C_A	2	3	0	0	2	1
200	21	21	A=[b1,b1+b2+b2]	C_A	1	1	0	0	1	0
201	5	21	B=[b1,b1,b2,b2]	M_B_A	2	0	6	4	4	0
201	9	21	A=[b2];B=[b1,b1,b2]	M_B_A	1	0	3	3	4	0
201	11	21	A=[b2,b2];B=[b1,b1]	C_B	1	1	1	2	4	0
201	25	21	A=[b2,b2];B=[b1+b1]	C_A	1	1	0	1	2	1
201	19	21	A=[b2+b2];B=[b1+b1]	M_B_A	1	0	0	1	0	2
201	21	21	A=[b1+b1,b2+b2]	C_A	1	1	0	0	0	2
202	5	21	B=[b1,b1,b2,b2]	M_B_A	2	0	6	4	4	0
202	9	21	A=[b2];B=[b1,b1,b2]	M_B_A	1	0	3	3	4	0
202	11	21	A=[b2,b2];B=[b1,b1]	C_B	1	1	1	2	4	0
202	16	21	A=[b2,b2];B=[b1+b1]	M_B_A	1	1	0	1	2	1
202	22	21	A=[b1+b1,b2,b2]	C_A	2	3	0	0	2	1
202	21	21	A=[b1+b1+b2,b2]	C_A	1	1	0	0	1	0
203	5	21	B=[b1,b1,b2,b2]	M_B_A	2	0	6	4	4	0
203	9	21	A=[b2];B=[b1,b1,b2]	M_B_A	1	0	3	3	4	0
203	11	21	A=[b2,b2];B=[b1,b1]	C_B	1	1	1	2	4	0
203	16	21	A=[b2,b2];B=[b1+b1]	M_B_A	1	1	0	1	2	1
203	19	21	A=[b1+b1,b2,b2]	C_A	1	3	0	0	2	1
203	21	21	A=[b1+b1,b2+b2]	C_A	1	1	0	0	0	2
204	5	21	B=[b1,b1,b2,b2]	M_B_A	2	0	6	4	4	0
204	9	21	A=[b2];B=[b1,b1,b2]	M_B_A	1	0	3	3	4	0
204	12	21	A=[b2,b2];B=[b1,b1]	M_B_A	2	1	1	2	4	0
204	13	21	A=[b1,b2,b2];B=[b1]	C_A	2	3	0	1	4	0
204	24	21	A=[b1+b2,b2];B=[b1]	C_A	1	1	0	1	2	1
204	20	21	A=[b1+b2+b2];B=[b1]	M_B_A	1	0	0	1	1	0
204	21	21	A=[b1,b1+b2+b2]	C_A	1	1	0	0	1	0
205	5	21	B=[b1,b1,b2,b2]	M_B_A	2	0	6	4	4	0
205	9	21	A=[b2];B=[b1,b1,b2]	M_B_A	1	0	3	3	4	0
205	12	21	A=[b2,b2];B=[b1,b1]	M_B_A	2	1	1	2	4	0
205	13	21	A=[b1,b2,b2];B=[b1]	C_A	2	3	0	1	4	0
205	17	21	A=[b1+b2,b2];B=[b1]	M_B_A	1	1	0	1	2	1
205	22	21	A=[b1,b1+b2,b2]	C_A	1	3	0	0	2	1
205	21	21	A=[b1+b1+b2,b2]	C_A	1	1	0	0	1	0
206	5	21	B=[b1,b1,b2,b2]	M_B_A	2	0	6	4	4	0
206	9	21	A=[b2];B=[b1,b1,b2]	M_B_A	1	0	3	3	4	0
206	12	21	A=[b2,b2];B=[b1,b1]	M_B_A	2	1	1	2	4	0
206	13	21	A=[b1,b2,b2];B=[b1]	C_A	2	3	0	1	4	0
206	17	21	A=[b1+b2,b2];B=[b1]	M_B_A	1	1	0	1	2	1
206	23	21	A=[b1,b1+b2,b2]	C_A	1	3	0	0	2	1
206	21	21	A=[b1+b2,b1+b2]	C_A	1	1	0	0	0	2
207	5	21	B=[b1,b1,b2,b2]	M_B_A	2	0	6	4	4	0
207	9	21	A=[b2];B=[b1,b1,b2]	M_B_A	1	0	3	3	4	0
207	12	21	A=[b2,b2];B=[b1,b1]	M_B_A	2	1	1	2	4	0
207	13	21	A=[b1,b2,b2];B=[b1]	C_A	2	3	0	1	4	0
207	17	21	A=[b1+b2,b2];B=[b1]	M_B_A	1	1	0	1	2	1
207	20	21	A=[b1,b1+b2,b2]	C_A	1	3	0	0	2	1
207	21	21	A=[b1,b1+b2+b2]	C_A	1	1	0	0	1	0
208	5	21	B=[b1,b1,b2,b2]	M_B_A	2	0	6	4	4	0
208	9	21	A=[b2];B=[b1,b1,b2]	M_B_A	1	0	3	3	4	0
208	12	21	A=[b2,b2];B=[b1,b1]	M_B_A	2	1	1	2	4	0
208	14	21	A=[b1,b2,b2];B=[b1]	C_A	1	3	0	1	4	0
208	24	21	A=[b1,b2+b2];B=[b1]	C_A	1	1	0	1	2	1
208	20	21	A=[b1+b2+b2];B=[b1]	M_B_A	1	0	0	1	1	0
208	21	21	A=[b1,b1+b2+b2]	C_A	1	1	0	0	1	0
209	5	21	B=[b1,b1,b2,b2]	M_B_A	2	0	6	4	4	0
209	9	21	A=[b2];B=[b1,b1,b2]	M_B_A	1	0	3	3	4	0
209	12	21	A=[b2,b2];B=[b1,b1]	M_B_A	2	1	1	2	4	0
209	14	21	A=[b1,b2,b2];B=[b1]	C_A	1	3	0	1	4	0
209	18	21	A=[b1,b2+b2];B=[b1]	M_B_A	1	1	0	1	2	1
209	19	21	A=[b1,b1,b2+b2]	C_A	1	3	0	0	2	1
209	21	21	A=[b1+b1,b2+b2]	C_A	1	1	0	0	0	2
210	5	21	B=[b1,b1,b2,b2]	M_B_A	2	0	6	4	4	0
210	9	21	A=[b2];B=[b1,b1,b2]	M_B_A	1	0	3	3	4	0
210	12	21	A=[b2,b2];B=[b1,b1]	M_B_A	2	1	1	2	4	0
210	14	21	A=[b1,b2,b2];B=[b1]	C_A	1	3	0	1	4	0
210	18	21	A=[b1,b2+b2];B=[b1]	M_B_A	1	1	0	1	2	1
210	20	21	A=[b1,b1,b2+b2]	C_A	2	3	0	0	2	1
210	21	21	A=[b1,b1+b2+b2]	C_A	1	1	0	0	1	0
211	5	21	B=[b1,b1,b2,b2]	M_B_A	2	0	6	4	4	0
211	9	21	A=[b2];B=[b1,b1,b2]	M_B_A	1	0	3	3	4	0
211	12	21	A=[b2,b2];B=[b1,b1]	M_B_A	2	1	1	2	4	0
211	15	21	A=[b1,b2,b2];B=[b1]	M_B_A	1	3	0	1	4	0
211	16	21	A=[b1,b1,b2,b2]	C_A	1	6	0	0	4	0
211	22	21	A=[b1+b1,b2,b2]	C_A	2	3	0	0	2	1
211	21	21	A=[b1+b1+b2,b2]	C_A	1	1	0	0	1	0
212	5	21	B=[b1,b1,b2,b2]	M_B_A	2	0	6	4	4	0
212	9	21	A=[b2];B=[b1,b1,b2]	M_B_A	1	0	3	3	4	0
212	12	21	A=[b2,b2];B=[b1,b1]	M_B_A	2	1	1	2	4	0
212	15	21	A=[b1,b2,b2];B=[b1]	M_B_A	1	3	0	1	4	0
212	16	21	A=[b1,b1,b2,b2]	C_A	1	6	0	0	4	0
212	19	21	A=[b1+b1,b2,b2]	C_A	1	3	0	0	2	1
212	21	21	A=[b1+b1,b2+b2]	C_A	1	1	0	0	0	2
213	5	21	B=[b1,b1,b2,b2]	M_B_A	2	0	6	4	4	0
213	9	21	A=[b2];B=[b1,b1,b2]	M_B_A	1	0	3	3	4	0
213	12	21	A=[b2,b2];B=[b1,b1]	M_B_A	2	1	1	2	4	0
213	15	21	A=[b1,b2,b2];B=[b1]	M_B_A	1	3	0	1	4	0
213	17	21	A=[b1,b1,b2,b2]	C_A	4	6	0	0	4	0
213	22	21	A=[b1,b1+b2,b2]	C_A	1	3	0	0	2	1
213	21	21	A=[b1+b1+b2,b2]	C_A	1	1	0	0	1	0
214	5	21	B=[b1,b1,b2,b2]	M_B_A	2	0	6	4	4	0
214	9	21	A=[b2];B=[b1,b1,b2]	M_B_A	1	0	3	3	4	0
214	12	21	A=[b2,b2];B=[b1,b1]	M_B_A	2	1	1	2	4	0
214	15	21	A=[b1,b2,b2];B=[b1]	M_B_A	1	3	0	1	4	0
214	17	21	A=[b1,b1,b2,b2]	C_A	4	6	0	0	4	0
214	23	21	A=[b1,b1+b2,b2]	C_A	1	3	0	0	2	1
214	21	21	A=[b1+b2,b1+b2]	C_A	1	1	0	0	0	2
215	5	21	B=[b1,b1,b2,b2]	M_B_A	2	0	6	4	4	0
215	9	21	A=[b2];B=[b1,b1,b2]	M_B_A	1	0	3	3	4	0
215	12	21	A=[b2,b2];B=[b1,b1]	M_B_A	2	1	1	2	4	0
215	15	21	A=[b1,b2,b2];B=[b1]	M_B_A	1	3	0	1	4	0
215	17	21	A=[b1,b1,b2,b2]	C_A	4	6	0	0	4	0
215	20	21	A=[b1,b1+b2,b2]	C_A	1	3	0	0	2	1
215	21	21	A=[b1,b1+b2+b2]	C_A	1	1	0	0	1	0
216	5	21	B=[b1,b1,b2,b2]	M_B_A	2	0	6	4	4	0
216	9	21	A=[b2];B=[b1,b1,b2]	M_B_A	1	0	3	3	4	0
216	12	21	A=[b2,b2];B=[b1,b1]	M_B_A	2	1	1	2	4	0
216	15	21	A=[b1,b2,b2];B=[b1]	M_B_A	1	3	0	1	4	0
216	18	21	A=[b1,b1,b2,b2]	C_A	1	6	0	0	4	0
216	19	21	A=[b1,b1,b2+b2]	C_A	1	3	0	0	2	1
216	21	21	A=[b1+b1,b2+b2]	C_A	1	1	0	0	0	2
217	5	21	B=[b1,b1,b2,b2]	M_B_A	2	0	6	4	4	0
217	9	21	A=[b2];B=[b1,b1,b2]	M_B_A	1	0	3	3	4	0
217	12	21	A=[b2,b2];B=[b1,b1]	M_B_A	2	1	1	2	4	0
217	15	21	A=[b1,b2,b2];B=[b1]	M_B_A	1	3	0	1	4	0
217	18	21	A=[b1,b1,b2,b2]	C_A	1	6	0	0	4	0
217	20	21	A=[b1,b1,b2+b2]	C_A	2	3	0	0	2	1
217	21	21	A=[b1,b1+b2+b2]	C_A	1	1	0	0	1	0
218	1	43	B=[b1,b1,b2,b2]	C_B	1	0	6	4	4	0
218	44	43	B=[b1+b1,b2,b2]	C_B	2	0	3	3	2	1
218	43	43	B=[b1+b1+b2,b2]	C_B	1	0	1	2	1	0
219	1	43	B=[b1,b1,b2,b2]	C_B	1	0	6	4	4	0
219	41	43	B=[b1+b1,b2,b2]	C_B	1	0	3	3	2	1
219	43	43	B=[b1+b1,b2+b2]	C_B	1	0	1	2	0	2
220	2	43	B=[b1,b1,b2,b2]	C_B	4	0	6	4	4	0
220	44	43	B=[b1,b1+b2,b2]	C_B	1	0	3	3	2	1
220	43	43	B=[b1+b1+b2,b2]	C_B	1	0	1	2	1	0
221	2	43	B=[b1,b1,b2,b2]	C_B	4	0	6	4	4	0
221	45	43	B=[b1,b1+b2,b2]	C_B	1	0	3	3	2	1
221	43	43	B=[b1+b2,b1+b2]	C_B	1	0	1	2	0	2
222	2	43	B=[b1,b1,b2,b2]	C_B	4	0	6	4	4	0
222	42	43	B=[b1,b1+b2,b2]	C_B	1	0	3	3	2	1
222	43	43	B=[b1,b1+b2+b2]	C_B	1	0	1	2	1	0
223	3	43	B=[b1,b1,b2,b2]	C_B	1	0	6	4	4	0
223	41	43	B=[b1,b1,b2+b2]	C_B	1	0	3	3	2	1
223	43	43	B=[b1+b1,b2+b2]	C_B	1	0	1	2	0	2
224	3	43	B=[b1,b1,b2,b2]	C_B	1	0	6	4	4	0
224	42	43	B=[b1,b1,b2+b2]	C_B	2	0	3	3	2	1
224	43	43	B=[b1,b1+b2+b2]	C_B	1	0	1	2	1	0
