path_idx	node_id	LCA	label	event	count	C_A	C_B	M_A_B	m_2	m_4
0	1	43	A=[a1,a1,a2,a2]	C_A	1	6	0	4	4	0
0	44	43	A=[a1+a1,a2,a2]	C_A	2	3	0	3	2	1
0	43	43	A=[a1+a1+a2,a2]	C_A	1	1	0	2	1	0
1	1	43	A=[a1,a1,a2,a2]	C_A	1	6	0	4	4	0
1	41	43	A=[a1+a1,a2,a2]	C_A	1	3	0	3	2	1
1	43	43	A=[a1+a1,a2+a2]	C_A	1	1	0	2	0	2
2	2	43	A=[a1,a1,a2,a2]	C_A	4	6	0	4	4	0
2	44	43	A=[a1,a1+a2,a2]	C_A	1	3	0	3	2	1
2	43	43	A=[a1+a1+a2,a2]	C_A	1	1	0	2	1	0
3	2	43	A=[a1,a1,a2,a2]	C_A	4	6	0	4	4	0
3	45	43	A=[a1,a1+a2,a2]	C_A	1	3	0	3	2	1
3	43	43	A=[a1+a2,a1+a2]	C_A	1	1	0	2	0	2
4	2	43	A=[a1,a1,a2,a2]	C_A	4	6	0	4	4	0
4	42	43	A=[a1,a1+a2,a2]	C_A	1	3	0	3	2	1
4	43	43	A=[a1,a1+a2+a2]	C_A	1	1	0	2	1	0
5	3	43	A=[a1,a1,a2,a2]	C_A	1	6	0	4	4	0
5	41	43	A=[a1,a1,a2+a2]	C_A	1	3	0	3	2	1
5	43	43	A=[a1+a1,a2+a2]	C_A	1	1	0	2	0	2
6	3	43	A=[a1,a1,a2,a2]	C_A	1	6	0	4	4	0
6	42	43	A=[a1,a1,a2+a2]	C_A	2	3	0	3	2	1
6	43	43	A=[a1,a1+a2+a2]	C_A	1	1	0	2	1	0
7	1	21	A=[a1,a1,a2,a2]	C_A	1	6	0	4	4	0
7	44	21	A=[a1+a1,a2,a2]	C_A	2	3	0	3	2	1
7	31	21	A=[a1+a1+a2,a2]	M_A_B	1	1	0	2	1	0
7	22	21	A=[a2];B=[a1+a1+a2]	M_A_B	1	0	0	1	1	0
7	21	21	B=[a1+a1+a2,a2]	C_B	1	0	1	0	1	0
8	1	21	A=[a1,a1,a2,a2]	C_A	1	6	0	4	4	0
8	44	21	A=[a1+a1,a2,a2]	C_A	2	3	0	3	2	1
8	33	21	A=[a1+a1+a2,a2]	M_A_B	1	1	0	2	1	0
8	22	21	A=[a1+a1+a2];B=[a2]	M_A_B	1	0	0	1	1	0
8	21	21	B=[a1+a1+a2,a2]	C_B	1	0	1	0	1	0
9	1	21	A=[a1,a1,a2,a2]	C_A	1	6	0	4	4	0
9	41	21	A=[a1+a1,a2,a2]	C_A	1	3	0	3	2	1
9	39	21	A=[a1+a1,a2+a2]	M_A_B	1	1	0	2	0	2
9	19	21	A=[a2+a2];B=[a1+a1]	M_A_B	1	0	0	1	0	2
9	21	21	B=[a1+a1,a2+a2]	C_B	1	0	1	0	0	2
10	1	21	A=[a1,a1,a2,a2]	C_A	1	6	0	4	4	0
10	41	21	A=[a1+a1,a2,a2]	C_A	1	3	0	3	2	1
10	25	21	A=[a1+a1,a2+a2]	M_A_B	1	1	0	2	0	2
10	19	21	A=[a1+a1];B=[a2+a2]	M_A_B	1	0	0	1	0	2
10	21	21	B=[a1+a1,a2+a2]	C_B	1	0	1	0	0	2
11	1	21	A=[a1,a1,a2,a2]	C_A	1	6	0	4	4	0
11	38	21	A=[a1+a1,a2,a2]	M_A_B	1	3	0	3	2	1
11	39	21	A=[a2,a2];B=[a1+a1]	C_A	1	1	0	2	2	1
11	19	21	A=[a2+a2];B=[a1+a1]	M_A_B	1	0	0	1	0	2
11	21	21	B=[a1+a1,a2+a2]	C_B	1	0	1	0	0	2
12	1	21	A=[a1,a1,a2,a2]	C_A	1	6	0	4	4	0
12	38	21	A=[a1+a1,a2,a2]	M_A_B	1	3	0	3	2	1
12	29	21	A=[a2,a2];B=[a1+a1]	M_A_B	2	1	0	2	2	1
12	31	21	A=[a2];B=[a1+a1,a2]	C_B	1	0	1	1	2	1
12	22	21	A=[a2];B=[a1+a1+a2]	M_A_B	1	0	0	1	1	0
12	21	21	B=[a1+a1+a2,a2]	C_B	1	0	1	0	1	0
13	1	21	A=[a1,a1,a2,a2]	C_A	1	6	0	4	4	0
13	38	21	A=[a1+a1,a2,a2]	M_A_B	1	3	0	3	2	1
13	29	21	A=[a2,a2];B=[a1+a1]	M_A_B	2	1	0	2	2	1
13	16	21	A=[a2];B=[a1+a1,a2]	M_A_B	1	0	1	1	2	1
13	22	21	B=[a1+a1,a2,a2]	C_B	2	0	3	0	2	1
13	21	21	B=[a1+a1+a2,a2]	C_B	1	0	1	0	1	0
14	1	21	A=[a1,a1,a2,a2]	C_A	1	6	0	4	4	0
14	38	21	A=[a1+a1,a2,a2]	M_A_B	1	3	0	3	2	1
14	29	21	A=[a2,a2];B=[a1+a1]	M_A_B	2	1	0	2	2	1
14	16	21	A=[a2];B=[a1+a1,a2]	M_A_B	1	0	1	1	2	1
14	19	21	B=[a1+a1,a2,a2]	C_B	1	0	3	0	2	1
14	21	21	B=[a1+a1,a2+a2]	C_B	1	0	1	0	0	2
15	1	21	A=[a1,a1,a2,a2]	C_A	1	6	0	4	4	0
15	6	21	A=[a1+a1,a2,a2]	M_A_B	2	3	0	3	2	1
15	33	21	A=[a1+a1,a2];B=[a2]	C_A	1	1	0	2	2	1
15	22	21	A=[a1+a1+a2];B=[a2]	M_A_B	1	0	0	1	1	0
15	21	21	B=[a1+a1+a2,a2]	C_B	1	0	1	0	1	0
16	1	21	A=[a1,a1,a2,a2]	C_A	1	6	0	4	4	0
16	6	21	A=[a1+a1,a2,a2]	M_A_B	2	3	0	3	2	1
16	29	21	A=[a1+a1,a2];B=[a2]	M_A_B	1	1	0	2	2	1
16	31	21	A=[a2];B=[a1+a1,a2]	C_B	1	0	1	1	2	1
16	22	21	A=[a2];B=[a1+a1+a2]	M_A_B	1	0	0	1	1	0
16	21	21	B=[a1+a1+a2,a2]	C_B	1	0	1	0	1	0
17	1	21	A=[a1,a1,a2,a2]	C_A	1	6	0	4	4	0
17	6	21	A=[a1+a1,a2,a2]	M_A_B	2	3	0	3	2	1
17	29	21	A=[a1+a1,a2];B=[a2]	M_A_B	1	1	0	2	2	1
17	16	21	A=[a2];B=[a1+a1,a2]	M_A_B	1	0	1	1	2	1
17	22	21	B=[a1+a1,a2,a2]	C_B	2	0	3	0	2	1
17	21	21	B=[a1+a1+a2,a2]	C_B	1	0	1	0	1	0
18	1	21	A=[a1,a1,a2,a2]	C_A	1	6	0	4	4	0
18	6	21	A=[a1+a1,a2,a2]	M_A_B	2	3	0	3	2	1
18	29	21	A=[a1+a1,a2];B=[a2]	M_A_B	1	1	0	2	2	1
18	16	21	A=[a2];B=[a1+a1,a2]	M_A_B	1	0	1	1	2	1
18	19	21	B=[a1+a1,a2,a2]	C_B	1	0	3	0	2	1
18	21	21	B=[a1+a1,a2+a2]	C_B	1	0	1	0	0	2
19	1	21	A=[a1,a1,a2,a2]	C_A	1	6	0	4	4	0
19	6	21	A=[a1+a1,a2,a2]	M_A_B	2	3	0	3	2	1
19	10	21	A=[a1+a1,a2];B=[a2]	M_A_B	1	1	0	2	2	1
19	25	21	A=[a1+a1];B=[a2,a2]	C_B	1	0	1	1	2	1
19	19	21	A=[a1+a1];B=[a2+a2]	M_A_B	1	0	0	1	0	2
19	21	21	B=[a1+a1,a2+a2]	C_B	1	0	1	0	0	2
20	1	21	A=[a1,a1,a2,a2]	C_A	1	6	0	4	4	0
20	6	21	A=[a1+a1,a2,a2]	M_A_B	2	3	0	3	2	1
20	10	21	A=[a1+a1,a2];B=[a2]	M_A_B	1	1	0	2	2	1
20	16	21	A=[a1+a1];B=[a2,a2]	M_A_B	1	0	1	1	2	1
20	22	21	B=[a1+a1,a2,a2]	C_B	2	0	3	0	2	1
20	21	21	B=[a1+a1+a2,a2]	C_B	1	0	1	0	1	0
21	1	21	A=[a1,a1,a2,a2]	C_A	1	6	0	4	4	0
21	6	21	A=[a1+a1,a2,a2]	M_A_B	2	3	0	3	2	1
21	10	21	A=[a1+a1,a2];B=[a2]	M_A_B	1	1	0	2	2	1
21	16	21	A=[a1+a1];B=[a2,a2]	M_A_B	1	0	1	1	2	1
21	19	21	B=[a1+a1,a2,a2]	C_B	1	0	3	0	2	1
21	21	21	B=[a1+a1,a2+a2]	C_B	1	0	1	0	0	2
22	2	21	A=[a1,a1,a2,a2]	C_A	4	6	0	4	4	0
22	44	21	A=[a1,a1+a2,a2]	C_A	1	3	0	3	2	1
22	31	21	A=[a1+a1+a2,a2]	M_A_B	1	1	0	2	1	0
22	22	21	A=[a2];B=[a1+a1+a2]	M_A_B	1	0	0	1	1	0
22	21	21	B=[a1+a1+a2,a2]	C_B	1	0	1	0	1	0
23	2	21	A=[a1,a1,a2,a2]	C_A	4	6	0	4	4	0
23	44	21	A=[a1,a1+a2,a2]	C_A	1	3	0	3	2	1
23	33	21	A=[a1+a1+a2,a2]	M_A_B	1	1	0	2	1	0
23	22	21	A=[a1+a1+a2];B=[a2]	M_A_B	1	0	0	1	1	0
23	21	21	B=[a1+a1+a2,a2]	C_B	1	0	1	0	1	0
24	2	21	A=[a1,a1,a2,a2]	C_A	4	6	0	4	4	0
24	45	21	A=[a1,a1+a2,a2]	C_A	1	3	0	3	2	1
24	32	21	A=[a1+a2,a1+a2]	M_A_B	2	1	0	2	0	2
24	23	21	A=[a1+a2];B=[a1+a2]	M_A_B	1	0	0	1	0	2
24	21	21	B=[a1+a2,a1+a2]	C_B	1	0	1	0	0	2
25	2	21	A=[a1,a1,a2,a2]	C_A	4	6	0	4	4	0
25	42	21	A=[a1,a1+a2,a2]	C_A	1	3	0	3	2	1
25	40	21	A=[a1,a1+a2+a2]	M_A_B	1	1	0	2	1	0
25	20	21	A=[a1+a2+a2];B=[a1]	M_A_B	1	0	0	1	1	0
25	21	21	B=[a1,a1+a2+a2]	C_B	1	0	1	0	1	0
26	2	21	A=[a1,a1,a2,a2]	C_A	4	6	0	4	4	0
26	42	21	A=[a1,a1+a2,a2]	C_A	1	3	0	3	2	1
26	24	21	A=[a1,a1+a2+a2]	M_A_B	1	1	0	2	1	0
26	20	21	A=[a1];B=[a1+a2+a2]	M_A_B	1	0	0	1	1	0
26	21	21	B=[a1,a1+a2+a2]	C_B	1	0	1	0	1	0
27	2	21	A=[a1,a1,a2,a2]	C_A	4	6	0	4	4	0
27	34	21	A=[a1,a1+a2,a2]	M_A_B	1	3	0	3	2	1
27	40	21	A=[a1+a2,a2];B=[a1]	C_A	1	1	0	2	2	1
27	20	21	A=[a1+a2+a2];B=[a1]	M_A_B	1	0	0	1	1	0
27	21	21	B=[a1,a1+a2+a2]	C_B	1	0	1	0	1	0
28	2	21	A=[a1,a1,a2,a2]	C_A	4	6	0	4	4	0
28	34	21	A=[a1,a1+a2,a2]	M_A_B	1	3	0	3	2	1
28	30	21	A=[a1+a2,a2];B=[a1]	M_A_B	1	1	0	2	2	1
28	31	21	A=[a2];B=[a1,a1+a2]	C_B	1	0	1	1	2	1
28	22	21	A=[a2];B=[a1+a1+a2]	M_A_B	1	0	0	1	1	0
28	21	21	B=[a1+a1+a2,a2]	C_B	1	0	1	0	1	0
29	2	21	A=[a1,a1,a2,a2]	C_A	4	6	0	4	4	0
29	34	21	A=[a1,a1+a2,a2]	M_A_B	1	3	0	3	2	1
29	30	21	A=[a1+a2,a2];B=[a1]	M_A_B	1	1	0	2	2	1
29	17	21	A=[a2];B=[a1,a1+a2]	M_A_B	1	0	1	1	2	1
29	22	21	B=[a1,a1+a2,a2]	C_B	1	0	3	0	2	1
29	21	21	B=[a1+a1+a2,a2]	C_B	1	0	1	0	1	0
30	2	21	A=[a1,a1,a2,a2]	C_A	4	6	0	4	4	0
30	34	21	A=[a1,a1+a2,a2]	M_A_B	1	3	0	3	2	1
30	30	21	A=[a1+a2,a2];B=[a1]	M_A_B	1	1	0	2	2	1
30	17	21	A=[a2];B=[a1,a1+a2]	M_A_B	1	0	1	1	2	1
30	23	21	B=[a1,a1+a2,a2]	C_B	1	0	3	0	2	1
30	21	21	B=[a1+a2,a1+a2]	C_B	1	0	1	0	0	2
31	2	21	A=[a1,a1,a2,a2]	C_A	4	6	0	4	4	0
31	34	21	A=[a1,a1+a2,a2]	M_A_B	1	3	0	3	2	1
31	30	21	A=[a1+a2,a2];B=[a1]	M_A_B	1	1	0	2	2	1
31	17	21	A=[a2];B=[a1,a1+a2]	M_A_B	1	0	1	1	2	1
31	20	21	B=[a1,a1+a2,a2]	C_B	1	0	3	0	2	1
31	21	21	B=[a1,a1+a2+a2]	C_B	1	0	1	0	1	0
32	2	21	A=[a1,a1,a2,a2]	C_A	4	6	0	4	4	0
32	34	21	A=[a1,a1+a2,a2]	M_A_B	1	3	0	3	2	1
32	26	21	A=[a1+a2,a2];B=[a1]	M_A_B	1	1	0	2	2	1
32	32	21	A=[a1+a2];B=[a1,a2]	C_B	1	0	1	1	2	1
32	23	21	A=[a1+a2];B=[a1+a2]	M_A_B	1	0	0	1	0	2
32	21	21	B=[a1+a2,a1+a2]	C_B	1	0	1	0	0	2
33	2	21	A=[a1,a1,a2,a2]	C_A	4	6	0	4	4	0
33	34	21	A=[a1,a1+a2,a2]	M_A_B	1	3	0	3	2	1
33	26	21	A=[a1+a2,a2];B=[a1]	M_A_B	1	1	0	2	2	1
33	17	21	A=[a1+a2];B=[a1,a2]	M_A_B	1	0	1	1	2	1
33	22	21	B=[a1,a1+a2,a2]	C_B	1	0	3	0	2	1
33	21	21	B=[a1+a1+a2,a2]	C_B	1	0	1	0	1	0
34	2	21	A=[a1,a1,a2,a2]	C_A	4	6	0	4	4	0
34	34	21	A=[a1,a1+a2,a2]	M_A_B	1	3	0	3	2	1
34	26	21	A=[a1+a2,a2];B=[a1]	M_A_B	1	1	0	2	2	1
34	17	21	A=[a1+a2];B=[a1,a2]	M_A_B	1	0	1	1	2	1
34	23	21	B=[a1,a1+a2,a2]	C_B	1	0	3	0	2	1
34	21	21	B=[a1+a2,a1+a2]	C_B	1	0	1	0	0	2
35	2	21	A=[a1,a1,a2,a2]	C_A	4	6	0	4	4	0
35	34	21	A=[a1,a1+a2,a2]	M_A_B	1	3	0	3	2	1
35	26	21	A=[a1+a2,a2];B=[a1]	M_A_B	1	1	0	2	2	1
35	17	21	A=[a1+a2];B=[a1,a2]	M_A_B	1	0	1	1	2	1
35	20	21	B=[a1,a1+a2,a2]	C_B	1	0	3	0	2	1
35	21	21	B=[a1,a1+a2+a2]	C_B	1	0	1	0	1	0
36	2	21	A=[a1,a1,a2,a2]	C_A	4	6	0	4	4	0
36	27	21	A=[a1,a1+a2,a2]	M_A_B	1	3	0	3	2	1
36	32	21	A=[a1,a2];B=[a1+a2]	C_A	1	1	0	2	2	1
36	23	21	A=[a1+a2];B=[a1+a2]	M_A_B	1	0	0	1	0	2
36	21	21	B=[a1+a2,a1+a2]	C_B	1	0	1	0	0	2
37	2	21	A=[a1,a1,a2,a2]	C_A	4	6	0	4	4	0
37	27	21	A=[a1,a1+a2,a2]	M_A_B	1	3	0	3	2	1
37	30	21	A=[a1,a2];B=[a1+a2]	M_A_B	1	1	0	2	2	1
37	31	21	A=[a2];B=[a1,a1+a2]	C_B	1	0	1	1	2	1
37	22	21	A=[a2];B=[a1+a1+a2]	M_A_B	1	0	0	1	1	0
37	21	21	B=[a1+a1+a2,a2]	C_B	1	0	1	0	1	0
38	2	21	A=[a1,a1,a2,a2]	C_A	4	6	0	4	4	0
38	27	21	A=[a1,a1+a2,a2]	M_A_B	1	3	0	3	2	1
38	30	21	A=[a1,a2];B=[a1+a2]	M_A_B	1	1	0	2	2	1
38	17	21	A=[a2];B=[a1,a1+a2]	M_A_B	1	0	1	1	2	1
38	22	21	B=[a1,a1+a2,a2]	C_B	1	0	3	0	2	1
38	21	21	B=[a1+a1+a2,a2]	C_B	1	0	1	0	1	0
39	2	21	A=[a1,a1,a2,a2]	C_A	4	6	0	4	4	0
39	27	21	A=[a1,a1+a2,a2]	M_A_B	1	3	0	3	2	1
39	30	21	A=[a1,a2];B=[a1+a2]	M_A_B	1	1	0	2	2	1
39	17	21	A=[a2];B=[a1,a1+a2]	M_A_B	1	0	1	1	2	1
39	23	21	B=[a1,a1+a2,a2]	C_B	1	0	3	0	2	1
39	21	21	B=[a1+a2,a1+a2]	C_B	1	0	1	0	0	2
40	2	21	A=[a1,a1,a2,a2]	C_A	4	6	0	4	4	0
40	27	21	A=[a1,a1+a2,a2]	M_A_B	1	3	0	3	2	1
40	30	21	A=[a1,a2];B=[a1+a2]	M_A_B	1	1	0	2	2	1
40	17	21	A=[a2];B=[a1,a1+a2]	M_A_B	1	0	1	1	2	1
40	20	21	B=[a1,a1+a2,a2]	C_B	1	0	3	0	2	1
40	21	21	B=[a1,a1+a2+a2]	C_B	1	0	1	0	1	0
41	2	21	A=[a1,a1,a2,a2]	C_A	4	6	0	4	4	0
41	27	21	A=[a1,a1+a2,a2]	M_A_B	1	3	0	3	2	1
41	13	21	A=[a1,a2];B=[a1+a2]	M_A_B	1	1	0	2	2	1
41	24	21	A=[a1];B=[a1+a2,a2]	C_B	1	0	1	1	2	1
41	20	21	A=[a1];B=[a1+a2+a2]	M_A_B	1	0	0	1	1	0
41	21	21	B=[a1,a1+a2+a2]	C_B	1	0	1	0	1	0
42	2	21	A=[a1,a1,a2,a2]	C_A	4	6	0	4	4	0
42	27	21	A=[a1,a1+a2,a2]	M_A_B	1	3	0	3	2	1
42	13	21	A=[a1,a2];B=[a1+a2]	M_A_B	1	1	0	2	2	1
42	17	21	A=[a1];B=[a1+a2,a2]	M_A_B	1	0	1	1	2	1
42	22	21	B=[a1,a1+a2,a2]	C_B	1	0	3	0	2	1
42	21	21	B=[a1+a1+a2,a2]	C_B	1	0	1	0	1	0
43	2	21	A=[a1,a1,a2,a2]	C_A	4	6	0	4	4	0
43	27	21	A=[a1,a1+a2,a2]	M_A_B	1	3	0	3	2	1
43	13	21	A=[a1,a2];B=[a1+a2]	M_A_B	1	1	0	2	2	1
43	17	21	A=[a1];B=[a1+a2,a2]	M_A_B	1	0	1	1	2	1
43	23	21	B=[a1,a1+a2,a2]	C_B	1	0	3	0	2	1
43	21	21	B=[a1+a2,a1+a2]	C_B	1	0	1	0	0	2
44	2	21	A=[a1,a1,a2,a2]	C_A	4	6	0	4	4	0
44	27	21	A=[a1,a1+a2,a2]	M_A_B	1	3	0	3	2	1
44	13	21	A=[a1,a2];B=[a1+a2]	M_A_B	1	1	0	2	2	1
44	17	21	A=[a1];B=[a1+a2,a2]	M_A_B	1	0	1	1	2	1
44	20	21	B=[a1,a1+a2,a2]	C_B	1	0	3	0	2	1
44	21	21	B=[a1,a1+a2+a2]	C_B	1	0	1	0	1	0
45	2	21	A=[a1,a1,a2,a2]	C_A	4	6	0	4	4	0
45	7	21	A=[a1,a1+a2,a2]	M_A_B	1	3	0	3	2	1
45	33	21	A=[a1,a1+a2];B=[a2]	C_A	1	1	0	2	2	1
45	22	21	A=[a1+a1+a2];B=[a2]	M_A_B	1	0	0	1	1	0
45	21	21	B=[a1+a1+a2,a2]	C_B	1	0	1	0	1	0
46	2	21	A=[a1,a1,a2,a2]	C_A	4	6	0	4	4	0
46	7	21	A=[a1,a1+a2,a2]	M_A_B	1	3	0	3	2	1
46	26	21	A=[a1,a1+a2];B=[a2]	M_A_B	1	1	0	2	2	1
46	32	21	A=[a1+a2];B=[a1,a2]	C_B	1	0	1	1	2	1
46	23	21	A=[a1+a2];B=[a1+a2]	M_A_B	1	0	0	1	0	2
46	21	21	B=[a1+a2,a1+a2]	C_B	1	0	1	0	0	2
47	2	21	A=[a1,a1,a2,a2]	C_A	4	6	0	4	4	0
47	7	21	A=[a1,a1+a2,a2]	M_A_B	1	3	0	3	2	1
47	26	21	A=[a1,a1+a2];B=[a2]	M_A_B	1	1	0	2	2	1
47	17	21	A=[a1+a2];B=[a1,a2]	M_A_B	1	0	1	1	2	1
47	22	21	B=[a1,a1+a2,a2]	C_B	1	0	3	0	2	1
47	21	21	B=[a1+a1+a2,a2]	C_B	1	0	1	0	1	0
48	2	21	A=[a1,a1,a2,a2]	C_A	4	6	0	4	4	0
48	7	21	A=[a1,a1+a2,a2]	M_A_B	1	3	0	3	2	1
48	26	21	A=[a1,a1+a2];B=[a2]	M_A_B	1	1	0	2	2	1
48	17	21	A=[a1+a2];B=[a1,a2]	M_A_B	1	0	1	1	2	1
48	23	21	B=[a1,a1+a2,a2]	C_B	1	0	3	0	2	1
48	21	21	B=[a1+a2,a1+a2]	C_B	1	0	1	0	0	2
49	2	21	A=[a1,a1,a2,a2]	C_A	4	6	0	4	4	0
49	7	21	A=[a1,a1+a2,a2]	M_A_B	1	3	0	3	2	1
49	26	21	A=[a1,a1+a2];B=[a2]	M_A_B	1	1	0	2	2	1
49	17	21	A=[a1+a2];B=[a1,a2]	M_A_B	1	0	1	1	2	1
49	20	21	B=[a1,a1+a2,a2]	C_B	1	0	3	0	2	1
49	21	21	B=[a1,a1+a2+a2]	C_B	1	0	1	0	1	0
50	2	21	A=[a1,a1,a2,a2]	C_A	4	6	0	4	4	0
50	7	21	A=[a1,a1+a2,a2]	M_A_B	1	3	0	3	2	1
50	13	21	A=[a1,a1+a2];B=[a2]	M_A_B	1	1	0	2	2	1
50	24	21	A=[a1];B=[a1+a2,a2]	C_B	1	0	1	1	2	1
50	20	21	A=[a1];B=[a1+a2+a2]	M_A_B	1	0	0	1	1	0
50	21	21	B=[a1,a1+a2+a2]	C_B	1	0	1	0	1	0
51	2	21	A=[a1,a1,a2,a2]	C_A	4	6	0	4	4	0
51	7	21	A=[a1,a1+a2,a2]	M_A_B	1	3	0	3	2	1
51	13	21	A=[a1,a1+a2];B=[a2]	M_A_B	1	1	0	2	2	1
51	17	21	A=[a1];B=[a1+a2,a2]	M_A_B	1	0	1	1	2	1
51	22	21	B=[a1,a1+a2,a2]	C_B	1	0	3	0	2	1
51	21	21	B=[a1+a1+a2,a2]	C_B	1	0	1	0	1	0
52	2	21	A=[a1,a1,a2,a2]	C_A	4	6	0	4	4	0
52	7	21	A=[a1,a1+a2,a2]	M_A_B	1	3	0	3	2	1
52	13	21	A=[a1,a1+a2];B=[a2]	M_A_B	1	1	0	2	2	1
52	17	21	A=[a1];B=[a1+a2,a2]	M_A_B	1	0	1	1	2	1
52	23	21	B=[a1,a1+a2,a2]	C_B	1	0	3	0	2	1
52	21	21	B=[a1+a2,a1+a2]	C_B	1	0	1	0	0	2
53	2	21	A=[a1,a1,a2,a2]	C_A	4	6	0	4	4	0
53	7	21	A=[a1,a1+a2,a2]	M_A_B	1	3	0	3	2	1
53	13	21	A=[a1,a1+a2];B=[a2]	M_A_B	1	1	0	2	2	1
53	17	21	A=[a1];B=[a1+a2,a2]	M_A_B	1	0	1	1	2	1
53	20	21	B=[a1,a1+a2,a2]	C_B	1	0	3	0	2	1
53	21	21	B=[a1,a1+a2+a2]	C_B	1	0	1	0	1	0
54	3	21	A=[a1,a1,a2,a2]	C_A	1	6	0	4	4	0
54	41	21	A=[a1,a1,a2+a2]	C_A	1	3	0	3	2	1
54	39	21	A=[a1+a1,a2+a2]	M_A_B	1	1	0	2	0	2
54	19	21	A=[a2+a2];B=[a1+a1]	M_A_B	1	0	0	1	0	2
54	21	21	B=[a1+a1,a2+a2]	C_B	1	0	1	0	0	2
55	3	21	A=[a1,a1,a2,a2]	C_A	1	6	0	4	4	0
55	41	21	A=[a1,a1,a2+a2]	C_A	1	3	0	3	2	1
55	25	21	A=[a1+a1,a2+a2]	M_A_B	1	1	0	2	0	2
55	19	21	A=[a1+a1];B=[a2+a2]	M_A_B	1	0	0	1	0	2
55	21	21	B=[a1+a1,a2+a2]	C_B	1	0	1	0	0	2
56	3	21	A=[a1,a1,a2,a2]	C_A	1	6	0	4	4	0
56	42	21	A=[a1,a1,a2+a2]	C_A	2	3	0	3	2	1
56	40	21	A=[a1,a1+a2+a2]	M_A_B	1	1	0	2	1	0
56	20	21	A=[a1+a2+a2];B=[a1]	M_A_B	1	0	0	1	1	0
56	21	21	B=[a1,a1+a2+a2]	C_B	1	0	1	0	1	0
57	3	21	A=[a1,a1,a2,a2]	C_A	1	6	0	4	4	0
57	42	21	A=[a1,a1,a2+a2]	C_A	2	3	0	3	2	1
57	24	21	A=[a1,a1+a2+a2]	M_A_B	1	1	0	2	1	0
57	20	21	A=[a1];B=[a1+a2+a2]	M_A_B	1	0	0	1	1	0
57	21	21	B=[a1,a1+a2+a2]	C_B	1	0	1	0	1	0
58	3	21	A=[a1,a1,a2,a2]	C_A	1	6	0	4	4	0
58	35	21	A=[a1,a1,a2+a2]	M_A_B	2	3	0	3	2	1
58	40	21	A=[a1,a2+a2];B=[a1]	C_A	1	1	0	2	2	1
58	20	21	A=[a1+a2+a2];B=[a1]	M_A_B	1	0	0	1	1	0
58	21	21	B=[a1,a1+a2+a2]	C_B	1	0	1	0	1	0
59	3	21	A=[a1,a1,a2,a2]	C_A	1	6	0	4	4	0
59	35	21	A=[a1,a1,a2+a2]	M_A_B	2	3	0	3	2	1
59	37	21	A=[a1,a2+a2];B=[a1]	M_A_B	1	1	0	2	2	1
59	39	21	A=[a2+a2];B=[a1,a1]	C_B	1	0	1	1	2	1
59	19	21	A=[a2+a2];B=[a1+a1]	M_A_B	1	0	0	1	0	2
59	21	21	B=[a1+a1,a2+a2]	C_B	1	0	1	0	0	2
60	3	21	A=[a1,a1,a2,a2]	C_A	1	6	0	4	4	0
60	35	21	A=[a1,a1,a2+a2]	M_A_B	2	3	0	3	2	1
60	37	21	A=[a1,a2+a2];B=[a1]	M_A_B	1	1	0	2	2	1
60	18	21	A=[a2+a2];B=[a1,a1]	M_A_B	1	0	1	1	2	1
60	19	21	B=[a1,a1,a2+a2]	C_B	1	0	3	0	2	1
60	21	21	B=[a1+a1,a2+a2]	C_B	1	0	1	0	0	2
61	3	21	A=[a1,a1,a2,a2]	C_A	1	6	0	4	4	0
61	35	21	A=[a1,a1,a2+a2]	M_A_B	2	3	0	3	2	1
61	37	21	A=[a1,a2+a2];B=[a1]	M_A_B	1	1	0	2	2	1
61	18	21	A=[a2+a2];B=[a1,a1]	M_A_B	1	0	1	1	2	1
61	20	21	B=[a1,a1,a2+a2]	C_B	2	0	3	0	2	1
61	21	21	B=[a1,a1+a2+a2]	C_B	1	0	1	0	1	0
62	3	21	A=[a1,a1,a2,a2]	C_A	1	6	0	4	4	0
62	35	21	A=[a1,a1,a2+a2]	M_A_B	2	3	0	3	2	1
62	14	21	A=[a1,a2+a2];B=[a1]	M_A_B	1	1	0	2	2	1
62	24	21	A=[a1];B=[a1,a2+a2]	C_B	1	0	1	1	2	1
62	20	21	A=[a1];B=[a1+a2+a2]	M_A_B	1	0	0	1	1	0
62	21	21	B=[a1,a1+a2+a2]	C_B	1	0	1	0	1	0
63	3	21	A=[a1,a1,a2,a2]	C_A	1	6	0	4	4	0
63	35	21	A=[a1,a1,a2+a2]	M_A_B	2	3	0	3	2	1
63	14	21	A=[a1,a2+a2];B=[a1]	M_A_B	1	1	0	2	2	1
63	18	21	A=[a1];B=[a1,a2+a2]	M_A_B	1	0	1	1	2	1
63	19	21	B=[a1,a1,a2+a2]	C_B	1	0	3	0	2	1
63	21	21	B=[a1+a1,a2+a2]	C_B	1	0	1	0	0	2
64	3	21	A=[a1,a1,a2,a2]	C_A	1	6	0	4	4	0
64	35	21	A=[a1,a1,a2+a2]	M_A_B	2	3	0	3	2	1
64	14	21	A=[a1,a2+a2];B=[a1]	M_A_B	1	1	0	2	2	1
64	18	21	A=[a1];B=[a1,a2+a2]	M_A_B	1	0	1	1	2	1
64	20	21	B=[a1,a1,a2+a2]	C_B	2	0	3	0	2	1
64	21	21	B=[a1,a1+a2+a2]	C_B	1	0	1	0	1	0
65	3	21	A=[a1,a1,a2,a2]	C_A	1	6	0	4	4	0
65	11	21	A=[a1,a1,a2+a2]	M_A_B	1	3	0	3	2	1
65	25	21	A=[a1,a1];B=[a2+a2]	C_A	1	1	0	2	2	1
65	19	21	A=[a1+a1];B=[a2+a2]	M_A_B	1	0	0	1	0	2
65	21	21	B=[a1+a1,a2+a2]	C_B	1	0	1	0	0	2
66	3	21	A=[a1,a1,a2,a2]	C_A	1	6	0	4	4	0
66	11	21	A=[a1,a1,a2+a2]	M_A_B	1	3	0	3	2	1
66	14	21	A=[a1,a1];B=[a2+a2]	M_A_B	2	1	0	2	2	1
66	24	21	A=[a1];B=[a1,a2+a2]	C_B	1	0	1	1	2	1
66	20	21	A=[a1];B=[a1+a2+a2]	M_A_B	1	0	0	1	1	0
66	21	21	B=[a1,a1+a2+a2]	C_B	1	0	1	0	1	0
67	3	21	A=[a1,a1,a2,a2]	C_A	1	6	0	4	4	0
67	11	21	A=[a1,a1,a2+a2]	M_A_B	1	3	0	3	2	1
67	14	21	A=[a1,a1];B=[a2+a2]	M_A_B	2	1	0	2	2	1
67	18	21	A=[a1];B=[a1,a2+a2]	M_A_B	1	0	1	1	2	1
67	19	21	B=[a1,a1,a2+a2]	C_B	1	0	3	0	2	1
67	21	21	B=[a1+a1,a2+a2]	C_B	1	0	1	0	0	2
68	3	21	A=[a1,a1,a2,a2]	C_A	1	6	0	4	4	0
68	11	21	A=[a1,a1,a2+a2]	M_A_B	1	3	0	3	2	1
68	14	21	A=[a1,a1];B=[a2+a2]	M_A_B	2	1	0	2	2	1
68	18	21	A=[a1];B=[a1,a2+a2]	M_A_B	1	0	1	1	2	1
68	20	21	B=[a1,a1,a2+a2]	C_B	2	0	3	0	2	1
68	21	21	B=[a1,a1+a2+a2]	C_B	1	0	1	0	1	0
69	4	21	A=[a1,a1,a2,a2]	M_A_B	2	6	0	4	4	0
69	34	21	A=[a1,a2,a2];B=[a1]	C_A	2	3	0	3	4	0
69	40	21	A=[a1+a2,a2];B=[a1]	C_A	1	1	0	2	2	1
69	20	21	A=[a1+a2+a2];B=[a1]	M_A_B	1	0	0	1	1	0
69	21	21	B=[a1,a1+a2+a2]	C_B	1	0	1	0	1	0
70	4	21	A=[a1,a1,a2,a2]	M_A_B	2	6	0	4	4	0
70	34	21	A=[a1,a2,a2];B=[a1]	C_A	2	3	0	3	4	0
70	30	21	A=[a1+a2,a2];B=[a1]	M_A_B	1	1	0	2	2	1
70	31	21	A=[a2];B=[a1,a1+a2]	C_B	1	0	1	1	2	1
70	22	21	A=[a2];B=[a1+a1+a2]	M_A_B	1	0	0	1	1	0
70	21	21	B=[a1+a1+a2,a2]	C_B	1	0	1	0	1	0
71	4	21	A=[a1,a1,a2,a2]	M_A_B	2	6	0	4	4	0
71	34	21	A=[a1,a2,a2];B=[a1]	C_A	2	3	0	3	4	0
71	30	21	A=[a1+a2,a2];B=[a1]	M_A_B	1	1	0	2	2	1
71	17	21	A=[a2];B=[a1,a1+a2]	M_A_B	1	0	1	1	2	1
71	22	21	B=[a1,a1+a2,a2]	C_B	1	0	3	0	2	1
71	21	21	B=[a1+a1+a2,a2]	C_B	1	0	1	0	1	0
72	4	21	A=[a1,a1,a2,a2]	M_A_B	2	6	0	4	4	0
72	34	21	A=[a1,a2,a2];B=[a1]	C_A	2	3	0	3	4	0
72	30	21	A=[a1+a2,a2];B=[a1]	M_A_B	1	1	0	2	2	1
72	17	21	A=[a2];B=[a1,a1+a2]	M_A_B	1	0	1	1	2	1
72	23	21	B=[a1,a1+a2,a2]	C_B	1	0	3	0	2	1
72	21	21	B=[a1+a2,a1+a2]	C_B	1	0	1	0	0	2
73	4	21	A=[a1,a1,a2,a2]	M_A_B	2	6	0	4	4	0
73	34	21	A=[a1,a2,a2];B=[a1]	C_A	2	3	0	3	4	0
73	30	21	A=[a1+a2,a2];B=[a1]	M_A_B	1	1	0	2	2	1
73	17	21	A=[a2];B=[a1,a1+a2]	M_A_B	1	0	1	1	2	1
73	20	21	B=[a1,a1+a2,a2]	C_B	1	0	3	0	2	1
73	21	21	B=[a1,a1+a2+a2]	C_B	1	0	1	0	1	0
74	4	21	A=[a1,a1,a2,a2]	M_A_B	2	6	0	4	4	0
74	34	21	A=[a1,a2,a2];B=[a1]	C_A	2	3	0	3	4	0
74	26	21	A=[a1+a2,a2];B=[a1]	M_A_B	1	1	0	2	2	1
74	32	21	A=[a1+a2];B=[a1,a2]	C_B	1	0	1	1	2	1
74	23	21	A=[a1+a2];B=[a1+a2]	M_A_B	1	0	0	1	0	2
74	21	21	B=[a1+a2,a1+a2]	C_B	1	0	1	0	0	2
75	4	21	A=[a1,a1,a2,a2]	M_A_B	2	6	0	4	4	0
75	34	21	A=[a1,a2,a2];B=[a1]	C_A	2	3	0	3	4	0
75	26	21	A=[a1+a2,a2];B=[a1]	M_A_B	1	1	0	2	2	1
75	17	21	A=[a1+a2];B=[a1,a2]	M_A_B	1	0	1	1	2	1
75	22	21	B=[a1,a1+a2,a2]	C_B	1	0	3	0	2	1
75	21	21	B=[a1+a1+a2,a2]	C_B	1	0	1	0	1	0
76	4	21	A=[a1,a1,a2,a2]	M_A_B	2	6	0	4	4	0
76	34	21	A=[a1,a2,a2];B=[a1]	C_A	2	3	0	3	4	0
76	26	21	A=[a1+a2,a2];B=[a1]	M_A_B	1	1	0	2	2	1
76	17	21	A=[a1+a2];B=[a1,a2]	M_A_B	1	0	1	1	2	1
76	23	21	B=[a1,a1+a2,a2]	C_B	1	0	3	0	2	1
76	21	21	B=[a1+a2,a1+a2]	C_B	1	0	1	0	0	2
77	4	21	A=[a1,a1,a2,a2]	M_A_B	2	6	0	4	4	0
77	34	21	A=[a1,a2,a2];B=[a1]	C_A	2	3	0	3	4	0
77	26	21	A=[a1+a2,a2];B=[a1]	M_A_B	1	1	0	2	2	1
77	17	21	A=[a1+a2];B=[a1,a2]	M_A_B	1	0	1	1	2	1
77	20	21	B=[a1,a1+a2,a2]	C_B	1	0	3	0	2	1
77	21	21	B=[a1,a1+a2+a2]	C_B	1	0	1	0	1	0
78	4	21	A=[a1,a1,a2,a2]	M_A_B	2	6	0	4	4	0
78	35	21	A=[a1,a2,a2];B=[a1]	C_A	1	3	0	3	4	0
78	40	21	A=[a1,a2+a2];B=[a1]	C_A	1	1	0	2	2	1
78	20	21	A=[a1+a2+a2];B=[a1]	M_A_B	1	0	0	1	1	0
78	21	21	B=[a1,a1+a2+a2]	C_B	1	0	1	0	1	0
79	4	21	A=[a1,a1,a2,a2]	M_A_B	2	6	0	4	4	0
79	35	21	A=[a1,a2,a2];B=[a1]	C_A	1	3	0	3	4	0
79	37	21	A=[a1,a2+a2];B=[a1]	M_A_B	1	1	0	2	2	1
79	39	21	A=[a2+a2];B=[a1,a1]	C_B	1	0	1	1	2	1
79	19	21	A=[a2+a2];B=[a1+a1]	M_A_B	1	0	0	1	0	2
79	21	21	B=[a1+a1,a2+a2]	C_B	1	0	1	0	0	2
80	4	21	A=[a1,a1,a2,a2]	M_A_B	2	6	0	4	4	0
80	35	21	A=[a1,a2,a2];B=[a1]	C_A	1	3	0	3	4	0
80	37	21	A=[a1,a2+a2];B=[a1]	M_A_B	1	1	0	2	2	1
80	18	21	A=[a2+a2];B=[a1,a1]	M_A_B	1	0	1	1	2	1
80	19	21	B=[a1,a1,a2+a2]	C_B	1	0	3	0	2	1
80	21	21	B=[a1+a1,a2+a2]	C_B	1	0	1	0	0	2
81	4	21	A=[a1,a1,a2,a2]	M_A_B	2	6	0	4	4	0
81	35	21	A=[a1,a2,a2];B=[a1]	C_A	1	3	0	3	4	0
81	37	21	A=[a1,a2+a2];B=[a1]	M_A_B	1	1	0	2	2	1
81	18	21	A=[a2+a2];B=[a1,a1]	M_A_B	1	0	1	1	2	1
81	20	21	B=[a1,a1,a2+a2]	C_B	2	0	3	0	2	1
81	21	21	B=[a1,a1+a2+a2]	C_B	1	0	1	0	1	0
82	4	21	A=[a1,a1,a2,a2]	M_A_B	2	6	0	4	4	0
82	35	21	A=[a1,a2,a2];B=[a1]	C_A	1	3	0	3	4	0
82	14	21	A=[a1,a2+a2];B=[a1]	M_A_B	1	1	0	2	2	1
82	24	21	A=[a1];B=[a1,a2+a2]	C_B	1	0	1	1	2	1
82	20	21	A=[a1];B=[a1+a2+a2]	M_A_B	1	0	0	1	1	0
82	21	21	B=[a1,a1+a2+a2]	C_B	1	0	1	0	1	0
83	4	21	A=[a1,a1,a2,a2]	M_A_B	2	6	0	4	4	0
83	35	21	A=[a1,a2,a2];B=[a1]	C_A	1	3	0	3	4	0
83	14	21	A=[a1,a2+a2];B=[a1]	M_A_B	1	1	0	2	2	1
83	18	21	A=[a1];B=[a1,a2+a2]	M_A_B	1	0	1	1	2	1
83	19	21	B=[a1,a1,a2+a2]	C_B	1	0	3	0	2	1
83	21	21	B=[a1+a1,a2+a2]	C_B	1	0	1	0	0	2
84	4	21	A=[a1,a1,a2,a2]	M_A_B	2	6	0	4	4	0
84	35	21	A=[a1,a2,a2];B=[a1]	C_A	1	3	0	3	4	0
84	14	21	A=[a1,a2+a2];B=[a1]	M_A_B	1	1	0	2	2	1
84	18	21	A=[a1];B=[a1,a2+a2]	M_A_B	1	0	1	1	2	1
84	20	21	B=[a1,a1,a2+a2]	C_B	2	0	3	0	2	1
84	21	21	B=[a1,a1+a2+a2]	C_B	1	0	1	0	1	0
85	4	21	A=[a1,a1,a2,a2]	M_A_B	2	6	0	4	4	0
85	36	21	A=[a1,a2,a2];B=[a1]	M_A_B	1	3	0	3	4	0
85	37	21	A=[a2,a2];B=[a1,a1]	C_A	1	1	1	2	4	0
85	39	21	A=[a2+a2];B=[a1,a1]	C_B	1	0	1	1	2	1
85	19	21	A=[a2+a2];B=[a1+a1]	M_A_B	1	0	0	1	0	2
85	21	21	B=[a1+a1,a2+a2]	C_B	1	0	1	0	0	2
86	4	21	A=[a1,a1,a2,a2]	M_A_B	2	6	0	4	4	0
86	36	21	A=[a1,a2,a2];B=[a1]	M_A_B	1	3	0	3	4	0
86	37	21	A=[a2,a2];B=[a1,a1]	C_A	1	1	1	2	4	0
86	18	21	A=[a2+a2];B=[a1,a1]	M_A_B	1	0	1	1	2	1
86	19	21	B=[a1,a1,a2+a2]	C_B	1	0	3	0	2	1
86	21	21	B=[a1+a1,a2+a2]	C_B	1	0	1	0	0	2
87	4	21	A=[a1,a1,a2,a2]	M_A_B	2	6	0	4	4	0
87	36	21	A=[a1,a2,a2];B=[a1]	M_A_B	1	3	0	3	4	0
87	37	21	A=[a2,a2];B=[a1,a1]	C_A	1	1	1	2	4	0
87	18	21	A=[a2+a2];B=[a1,a1]	M_A_B	1	0	1	1	2	1
87	20	21	B=[a1,a1,a2+a2]	C_B	2	0	3	0	2	1
87	21	21	B=[a1,a1+a2+a2]	C_B	1	0	1	0	1	0
88	4	21	A=[a1,a1,a2,a2]	M_A_B	2	6	0	4	4	0
88	36	21	A=[a1,a2,a2];B=[a1]	M_A_B	1	3	0	3	4	0
88	38	21	A=[a2,a2];B=[a1,a1]	C_B	1	1	1	2	4	0
88	39	21	A=[a2,a2];B=[a1+a1]	C_A	1	1	0	2	2	1
88	19	21	A=[a2+a2];B=[a1+a1]	M_A_B	1	0	0	1	0	2
88	21	21	B=[a1+a1,a2+a2]	C_B	1	0	1	0	0	2
89	4	21	A=[a1,a1,a2,a2]	M_A_B	2	6	0	4	4	0
89	36	21	A=[a1,a2,a2];B=[a1]	M_A_B	1	3	0	3	4	0
89	38	21	A=[a2,a2];B=[a1,a1]	C_B	1	1	1	2	4	0
89	29	21	A=[a2,a2];B=[a1+a1]	M_A_B	2	1	0	2	2	1
89	31	21	A=[a2];B=[a1+a1,a2]	C_B	1	0	1	1	2	1
89	22	21	A=[a2];B=[a1+a1+a2]	M_A_B	1	0	0	1	1	0
89	21	21	B=[a1+a1+a2,a2]	C_B	1	0	1	0	1	0
90	4	21	A=[a1,a1,a2,a2]	M_A_B	2	6	0	4	4	0
90	36	21	A=[a1,a2,a2];B=[a1]	M_A_B	1	3	0	3	4	0
90	38	21	A=[a2,a2];B=[a1,a1]	C_B	1	1	1	2	4	0
90	29	21	A=[a2,a2];B=[a1+a1]	M_A_B	2	1	0	2	2	1
90	16	21	A=[a2];B=[a1+a1,a2]	M_A_B	1	0	1	1	2	1
90	22	21	B=[a1+a1,a2,a2]	C_B	2	0	3	0	2	1
90	21	21	B=[a1+a1+a2,a2]	C_B	1	0	1	0	1	0
91	4	21	A=[a1,a1,a2,a2]	M_A_B	2	6	0	4	4	0
91	36	21	A=[a1,a2,a2];B=[a1]	M_A_B	1	3	0	3	4	0
91	38	21	A=[a2,a2];B=[a1,a1]	C_B	1	1	1	2	4	0
91	29	21	A=[a2,a2];B=[a1+a1]	M_A_B	2	1	0	2	2	1
91	16	21	A=[a2];B=[a1+a1,a2]	M_A_B	1	0	1	1	2	1
91	19	21	B=[a1+a1,a2,a2]	C_B	1	0	3	0	2	1
91	21	21	B=[a1+a1,a2+a2]	C_B	1	0	1	0	0	2
92	4	21	A=[a1,a1,a2,a2]	M_A_B	2	6	0	4	4	0
92	36	21	A=[a1,a2,a2];B=[a1]	M_A_B	1	3	0	3	4	0
92	28	21	A=[a2,a2];B=[a1,a1]	M_A_B	2	1	1	2	4	0
92	29	21	A=[a2];B=[a1,a1,a2]	C_B	1	0	3	1	4	0
92	31	21	A=[a2];B=[a1+a1,a2]	C_B	1	0	1	1	2	1
92	22	21	A=[a2];B=[a1+a1+a2]	M_A_B	1	0	0	1	1	0
92	21	21	B=[a1+a1+a2,a2]	C_B	1	0	1	0	1	0
93	4	21	A=[a1,a1,a2,a2]	M_A_B	2	6	0	4	4	0
93	36	21	A=[a1,a2,a2];B=[a1]	M_A_B	1	3	0	3	4	0
93	28	21	A=[a2,a2];B=[a1,a1]	M_A_B	2	1	1	2	4	0
93	29	21	A=[a2];B=[a1,a1,a2]	C_B	1	0	3	1	4	0
93	16	21	A=[a2];B=[a1+a1,a2]	M_A_B	1	0	1	1	2	1
93	22	21	B=[a1+a1,a2,a2]	C_B	2	0	3	0	2	1
93	21	21	B=[a1+a1+a2,a2]	C_B	1	0	1	0	1	0
94	4	21	A=[a1,a1,a2,a2]	M_A_B	2	6	0	4	4	0
94	36	21	A=[a1,a2,a2];B=[a1]	M_A_B	1	3	0	3	4	0
94	28	21	A=[a2,a2];B=[a1,a1]	M_A_B	2	1	1	2	4	0
94	29	21	A=[a2];B=[a1,a1,a2]	C_B	1	0	3	1	4	0
94	16	21	A=[a2];B=[a1+a1,a2]	M_A_B	1	0	1	1	2	1
94	19	21	B=[a1+a1,a2,a2]	C_B	1	0	3	0	2	1
94	21	21	B=[a1+a1,a2+a2]	C_B	1	0	1	0	0	2
95	4	21	A=[a1,a1,a2,a2]	M_A_B	2	6	0	4	4	0
95	36	21	A=[a1,a2,a2];B=[a1]	M_A_B	1	3	0	3	4	0
95	28	21	A=[a2,a2];B=[a1,a1]	M_A_B	2	1	1	2	4	0
95	30	21	A=[a2];B=[a1,a1,a2]	C_B	2	0	3	1	4	0
95	31	21	A=[a2];B=[a1,a1+a2]	C_B	1	0	1	1	2	1
95	22	21	A=[a2];B=[a1+a1+a2]	M_A_B	1	0	0	1	1	0
95	21	21	B=[a1+a1+a2,a2]	C_B	1	0	1	0	1	0
96	4	21	A=[a1,a1,a2,a2]	M_A_B	2	6	0	4	4	0
96	36	21	A=[a1,a2,a2];B=[a1]	M_A_B	1	3	0	3	4	0
96	28	21	A=[a2,a2];B=[a1,a1]	M_A_B	2	1	1	2	4	0
96	30	21	A=[a2];B=[a1,a1,a2]	C_B	2	0	3	1	4	0
96	17	21	A=[a2];B=[a1,a1+a2]	M_A_B	1	0	1	1	2	1
96	22	21	B=[a1,a1+a2,a2]	C_B	1	0	3	0	2	1
96	21	21	B=[a1+a1+a2,a2]	C_B	1	0	1	0	1	0
97	4	21	A=[a1,a1,a2,a2]	M_A_B	2	6	0	4	4	0
97	36	21	A=[a1,a2,a2];B=[a1]	M_A_B	1	3	0	3	4	0
97	28	21	A=[a2,a2];B=[a1,a1]	M_A_B	2	1	1	2	4	0
97	30	21	A=[a2];B=[a1,a1,a2]	C_B	2	0	3	1	4	0
97	17	21	A=[a2];B=[a1,a1+a2]	M_A_B	1	0	1	1	2	1
97	23	21	B=[a1,a1+a2,a2]	C_B	1	0	3	0	2	1
97	21	21	B=[a1+a2,a1+a2]	C_B	1	0	1	0	0	2
98	4	21	A=[a1,a1,a2,a2]	M_A_B	2	6	0	4	4	0
98	36	21	A=[a1,a2,a2];B=[a1]	M_A_B	1	3	0	3	4	0
98	28	21	A=[a2,a2];B=[a1,a1]	M_A_B	2	1	1	2	4	0
98	30	21	A=[a2];B=[a1,a1,a2]	C_B	2	0	3	1	4	0
98	17	21	A=[a2];B=[a1,a1+a2]	M_A_B	1	0	1	1	2	1
98	20	21	B=[a1,a1+a2,a2]	C_B	1	0	3	0	2	1
98	21	21	B=[a1,a1+a2+a2]	C_B	1	0	1	0	1	0
99	4	21	A=[a1,a1,a2,a2]	M_A_B	2	6	0	4	4	0
99	36	21	A=[a1,a2,a2];B=[a1]	M_A_B	1	3	0	3	4	0
99	28	21	A=[a2,a2];B=[a1,a1]	M_A_B	2	1	1	2	4	0
99	15	21	A=[a2];B=[a1,a1,a2]	M_A_B	1	0	3	1	4	0
99	16	21	B=[a1,a1,a2,a2]	C_B	1	0	6	0	4	0
99	22	21	B=[a1+a1,a2,a2]	C_B	2	0	3	0	2	1
99	21	21	B=[a1+a1+a2,a2]	C_B	1	0	1	0	1	0
100	4	21	A=[a1,a1,a2,a2]	M_A_B	2	6	0	4	4	0
100	36	21	A=[a1,a2,a2];B=[a1]	M_A_B	1	3	0	3	4	0
100	28	21	A=[a2,a2];B=[a1,a1]	M_A_B	2	1	1	2	4	0
100	15	21	A=[a2];B=[a1,a1,a2]	M_A_B	1	0	3	1	4	0
100	16	21	B=[a1,a1,a2,a2]	C_B	1	0	6	0	4	0
100	19	21	B=[a1+a1,a2,a2]	C_B	1	0	3	0	2	1
100	21	21	B=[a1+a1,a2+a2]	C_B	1	0	1	0	0	2
101	4	21	A=[a1,a1,a2,a2]	M_A_B	2	6	0	4	4	0
101	36	21	A=[a1,a2,a2];B=[a1]	M_A_B	1	3	0	3	4	0
101	28	21	A=[a2,a2];B=[a1,a1]	M_A_B	2	1	1	2	4	0
101	15	21	A=[a2];B=[a1,a1,a2]	M_A_B	1	0	3	1	4	0
101	17	21	B=[a1,a1,a2,a2]	C_B	4	0	6	0	4	0
101	22	21	B=[a1,a1+a2,a2]	C_B	1	0	3	0	2	1
101	21	21	B=[a1+a1+a2,a2]	C_B	1	0	1	0	1	0
102	4	21	A=[a1,a1,a2,a2]	M_A_B	2	6	0	4	4	0
102	36	21	A=[a1,a2,a2];B=[a1]	M_A_B	1	3	0	3	4	0
102	28	21	A=[a2,a2];B=[a1,a1]	M_A_B	2	1	1	2	4	0
102	15	21	A=[a2];B=[a1,a1,a2]	M_A_B	1	0	3	1	4	0
102	17	21	B=[a1,a1,a2,a2]	C_B	4	0	6	0	4	0
102	23	21	B=[a1,a1+a2,a2]	C_B	1	0	3	0	2	1
102	21	21	B=[a1+a2,a1+a2]	C_B	1	0	1	0	0	2
103	4	21	A=[a1,a1,a2,a2]	M_A_B	2	6	0	4	4	0
103	36	21	A=[a1,a2,a2];B=[a1]	M_A_B	1	3	0	3	4	0
103	28	21	A=[a2,a2];B=[a1,a1]	M_A_B	2	1	1	2	4	0
103	15	21	A=[a2];B=[a1,a1,a2]	M_A_B	1	0	3	1	4	0
103	17	21	B=[a1,a1,a2,a2]	C_B	4	0	6	0	4	0
103	20	21	B=[a1,a1+a2,a2]	C_B	1	0	3	0	2	1
103	21	21	B=[a1,a1+a2+a2]	C_B	1	0	1	0	1	0
104	4	21	A=[a1,a1,a2,a2]	M_A_B	2	6	0	4	4	0
104	36	21	A=[a1,a2,a2];B=[a1]	M_A_B	1	3	0	3	4	0
104	28	21	A=[a2,a2];B=[a1,a1]	M_A_B	2	1	1	2	4	0
104	15	21	A=[a2];B=[a1,a1,a2]	M_A_B	1	0	3	1	4	0
104	18	21	B=[a1,a1,a2,a2]	C_B	1	0	6	0	4	0
104	19	21	B=[a1,a1,a2+a2]	C_B	1	0	3	0	2	1
104	21	21	B=[a1+a1,a2+a2]	C_B	1	0	1	0	0	2
105	4	21	A=[a1,a1,a2,a2]	M_A_B	2	6	0	4	4	0
105	36	21	A=[a1,a2,a2];B=[a1]	M_A_B	1	3	0	3	4	0
105	28	21	A=[a2,a2];B=[a1,a1]	M_A_B	2	1	1	2	4	0
105	15	21	A=[a2];B=[a1,a1,a2]	M_A_B	1	0	3	1	4	0
105	18	21	B=[a1,a1,a2,a2]	C_B	1	0	6	0	4	0
105	20	21	B=[a1,a1,a2+a2]	C_B	2	0	3	0	2	1
105	21	21	B=[a1,a1+a2+a2]	C_B	1	0	1	0	1	0
106	4	21	A=[a1,a1,a2,a2]	M_A_B	2	6	0	4	4	0
106	8	21	A=[a1,a2,a2];B=[a1]	M_A_B	2	3	0	3	4	0
106	26	21	A=[a1,a2];B=[a1,a2]	C_A	1	1	1	2	4	0
106	32	21	A=[a1+a2];B=[a1,a2]	C_B	1	0	1	1	2	1
106	23	21	A=[a1+a2];B=[a1+a2]	M_A_B	1	0	0	1	0	2
106	21	21	B=[a1+a2,a1+a2]	C_B	1	0	1	0	0	2
107	4	21	A=[a1,a1,a2,a2]	M_A_B	2	6	0	4	4	0
107	8	21	A=[a1,a2,a2];B=[a1]	M_A_B	2	3	0	3	4	0
107	26	21	A=[a1,a2];B=[a1,a2]	C_A	1	1	1	2	4	0
107	17	21	A=[a1+a2];B=[a1,a2]	M_A_B	1	0	1	1	2	1
107	22	21	B=[a1,a1+a2,a2]	C_B	1	0	3	0	2	1
107	21	21	B=[a1+a1+a2,a2]	C_B	1	0	1	0	1	0
108	4	21	A=[a1,a1,a2,a2]	M_A_B	2	6	0	4	4	0
108	8	21	A=[a1,a2,a2];B=[a1]	M_A_B	2	3	0	3	4	0
108	26	21	A=[a1,a2];B=[a1,a2]	C_A	1	1	1	2	4	0
108	17	21	A=[a1+a2];B=[a1,a2]	M_A_B	1	0	1	1	2	1
108	23	21	B=[a1,a1+a2,a2]	C_B	1	0	3	0	2	1
108	21	21	B=[a1+a2,a1+a2]	C_B	1	0	1	0	0	2
109	4	21	A=[a1,a1,a2,a2]	M_A_B	2	6	0	4	4	0
109	8	21	A=[a1,a2,a2];B=[a1]	M_A_B	2	3	0	3	4	0
109	26	21	A=[a1,a2];B=[a1,a2]	C_A	1	1	1	2	4	0
109	17	21	A=[a1+a2];B=[a1,a2]	M_A_B	1	0	1	1	2	1
109	20	21	B=[a1,a1+a2,a2]	C_B	1	0	3	0	2	1
109	21	21	B=[a1,a1+a2+a2]	C_B	1	0	1	0	1	0
110	4	21	A=[a1,a1,a2,a2]	M_A_B	2	6	0	4	4	0
110	8	21	A=[a1,a2,a2];B=[a1]	M_A_B	2	3	0	3	4	0
110	27	21	A=[a1,a2];B=[a1,a2]	C_B	1	1	1	2	4	0
110	32	21	A=[a1,a2];B=[a1+a2]	C_A	1	1	0	2	2	1
110	23	21	A=[a1+a2];B=[a1+a2]	M_A_B	1	0	0	1	0	2
110	21	21	B=[a1+a2,a1+a2]	C_B	1	0	1	0	0	2
111	4	21	A=[a1,a1,a2,a2]	M_A_B	2	6	0	4	4	0
111	8	21	A=[a1,a2,a2];B=[a1]	M_A_B	2	3	0	3	4	0
111	27	21	A=[a1,a2];B=[a1,a2]	C_B	1	1	1	2	4	0
111	30	21	A=[a1,a2];B=[a1+a2]	M_A_B	1	1	0	2	2	1
111	31	21	A=[a2];B=[a1,a1+a2]	C_B	1	0	1	1	2	1
111	22	21	A=[a2];B=[a1+a1+a2]	M_A_B	1	0	0	1	1	0
111	21	21	B=[a1+a1+a2,a2]	C_B	1	0	1	0	1	0
112	4	21	A=[a1,a1,a2,a2]	M_A_B	2	6	0	4	4	0
112	8	21	A=[a1,a2,a2];B=[a1]	M_A_B	2	3	0	3	4	0
112	27	21	A=[a1,a2];B=[a1,a2]	C_B	1	1	1	2	4	0
112	30	21	A=[a1,a2];B=[a1+a2]	M_A_B	1	1	0	2	2	1
112	17	21	A=[a2];B=[a1,a1+a2]	M_A_B	1	0	1	1	2	1
112	22	21	B=[a1,a1+a2,a2]	C_B	1	0	3	0	2	1
112	21	21	B=[a1+a1+a2,a2]	C_B	1	0	1	0	1	0
113	4	21	A=[a1,a1,a2,a2]	M_A_B	2	6	0	4	4	0
113	8	21	A=[a1,a2,a2];B=[a1]	M_A_B	2	3	0	3	4	0
113	27	21	A=[a1,a2];B=[a1,a2]	C_B	1	1	1	2	4	0
113	30	21	A=[a1,a2];B=[a1+a2]	M_A_B	1	1	0	2	2	1
113	17	21	A=[a2];B=[a1,a1+a2]	M_A_B	1	0	1	1	2	1
113	23	21	B=[a1,a1+a2,a2]	C_B	1	0	3	0	2	1
113	21	21	B=[a1+a2,a1+a2]	C_B	1	0	1	0	0	2
114	4	21	A=[a1,a1,a2,a2]	M_A_B	2	6	0	4	4	0
114	8	21	A=[a1,a2,a2];B=[a1]	M_A_B	2	3	0	3	4	0
114	27	21	A=[a1,a2];B=[a1,a2]	C_B	1	1	1	2	4	0
114	30	21	A=[a1,a2];B=[a1+a2]	M_A_B	1	1	0	2	2	1
114	17	21	A=[a2];B=[a1,a1+a2]	M_A_B	1	0	1	1	2	1
114	20	21	B=[a1,a1+a2,a2]	C_B	1	0	3	0	2	1
114	21	21	B=[a1,a1+a2+a2]	C_B	1	0	1	0	1	0
115	4	21	A=[a1,a1,a2,a2]	M_A_B	2	6	0	4	4	0
115	8	21	A=[a1,a2,a2];B=[a1]	M_A_B	2	3	0	3	4	0
115	27	21	A=[a1,a2];B=[a1,a2]	C_B	1	1	1	2	4	0
115	13	21	A=[a1,a2];B=[a1+a2]	M_A_B	1	1	0	2	2	1
115	24	21	A=[a1];B=[a1+a2,a2]	C_B	1	0	1	1	2	1
115	20	21	A=[a1];B=[a1+a2+a2]	M_A_B	1	0	0	1	1	0
115	21	21	B=[a1,a1+a2+a2]	C_B	1	0	1	0	1	0
116	4	21	A=[a1,a1,a2,a2]	M_A_B	2	6	0	4	4	0
116	8	21	A=[a1,a2,a2];B=[a1]	M_A_B	2	3	0	3	4	0
116	27	21	A=[a1,a2];B=[a1,a2]	C_B	1	1	1	2	4	0
116	13	21	A=[a1,a2];B=[a1+a2]	M_A_B	1	1	0	2	2	1
116	17	21	A=[a1];B=[a1+a2,a2]	M_A_B	1	0	1	1	2	1
116	22	21	B=[a1,a1+a2,a2]	C_B	1	0	3	0	2	1
116	21	21	B=[a1+a1+a2,a2]	C_B	1	0	1	0	1	0
117	4	21	A=[a1,a1,a2,a2]	M_A_B	2	6	0	4	4	0
117	8	21	A=[a1,a2,a2];B=[a1]	M_A_B	2	3	0	3	4	0
117	27	21	A=[a1,a2];B=[a1,a2]	C_B	1	1	1	2	4	0
117	13	21	A=[a1,a2];B=[a1+a2]	M_A_B	1	1	0	2	2	1
117	17	21	A=[a1];B=[a1+a2,a2]	M_A_B	1	0	1	1	2	1
117	23	21	B=[a1,a1+a2,a2]	C_B	1	0	3	0	2	1
117	21	21	B=[a1+a2,a1+a2]	C_B	1	0	1	0	0	2
118	4	21	A=[a1,a1,a2,a2]	M_A_B	2	6	0	4	4	0
118	8	21	A=[a1,a2,a2];B=[a1]	M_A_B	2	3	0	3	4	0
118	27	21	A=[a1,a2];B=[a1,a2]	C_B	1	1	1	2	4	0
118	13	21	A=[a1,a2];B=[a1+a2]	M_A_B	1	1	0	2	2	1
118	17	21	A=[a1];B=[a1+a2,a2]	M_A_B	1	0	1	1	2	1
118	20	21	B=[a1,a1+a2,a2]	C_B	1	0	3	0	2	1
118	21	21	B=[a1,a1+a2+a2]	C_B	1	0	1	0	1	0
119	4	21	A=[a1,a1,a2,a2]	M_A_B	2	6	0	4	4	0
119	8	21	A=[a1,a2,a2];B=[a1]	M_A_B	2	3	0	3	4	0
119	28	21	A=[a1,a2];B=[a1,a2]	M_A_B	1	1	1	2	4	0
119	29	21	A=[a2];B=[a1,a1,a2]	C_B	1	0	3	1	4	0
119	31	21	A=[a2];B=[a1+a1,a2]	C_B	1	0	1	1	2	1
119	22	21	A=[a2];B=[a1+a1+a2]	M_A_B	1	0	0	1	1	0
119	21	21	B=[a1+a1+a2,a2]	C_B	1	0	1	0	1	0
120	4	21	A=[a1,a1,a2,a2]	M_A_B	2	6	0	4	4	0
120	8	21	A=[a1,a2,a2];B=[a1]	M_A_B	2	3	0	3	4	0
120	28	21	A=[a1,a2];B=[a1,a2]	M_A_B	1	1	1	2	4	0
120	29	21	A=[a2];B=[a1,a1,a2]	C_B	1	0	3	1	4	0
120	16	21	A=[a2];B=[a1+a1,a2]	M_A_B	1	0	1	1	2	1
120	22	21	B=[a1+a1,a2,a2]	C_B	2	0	3	0	2	1
120	21	21	B=[a1+a1+a2,a2]	C_B	1	0	1	0	1	0
121	4	21	A=[a1,a1,a2,a2]	M_A_B	2	6	0	4	4	0
121	8	21	A=[a1,a2,a2];B=[a1]	M_A_B	2	3	0	3	4	0
121	28	21	A=[a1,a2];B=[a1,a2]	M_A_B	1	1	1	2	4	0
121	29	21	A=[a2];B=[a1,a1,a2]	C_B	1	0	3	1	4	0
121	16	21	A=[a2];B=[a1+a1,a2]	M_A_B	1	0	1	1	2	1
121	19	21	B=[a1+a1,a2,a2]	C_B	1	0	3	0	2	1
121	21	21	B=[a1+a1,a2+a2]	C_B	1	0	1	0	0	2
122	4	21	A=[a1,a1,a2,a2]	M_A_B	2	6	0	4	4	0
122	8	21	A=[a1,a2,a2];B=[a1]	M_A_B	2	3	0	3	4	0
122	28	21	A=[a1,a2];B=[a1,a2]	M_A_B	1	1	1	2	4	0
122	30	21	A=[a2];B=[a1,a1,a2]	C_B	2	0	3	1	4	0
122	31	21	A=[a2];B=[a1,a1+a2]	C_B	1	0	1	1	2	1
122	22	21	A=[a2];B=[a1+a1+a2]	M_A_B	1	0	0	1	1	0
122	21	21	B=[a1+a1+a2,a2]	C_B	1	0	1	0	1	0
123	4	21	A=[a1,a1,a2,a2]	M_A_B	2	6	0	4	4	0
123	8	21	A=[a1,a2,a2];B=[a1]	M_A_B	2	3	0	3	4	0
123	28	21	A=[a1,a2];B=[a1,a2]	M_A_B	1	1	1	2	4	0
123	30	21	A=[a2];B=[a1,a1,a2]	C_B	2	0	3	1	4	0
123	17	21	A=[a2];B=[a1,a1+a2]	M_A_B	1	0	1	1	2	1
123	22	21	B=[a1,a1+a2,a2]	C_B	1	0	3	0	2	1
123	21	21	B=[a1+a1+a2,a2]	C_B	1	0	1	0	1	0
124	4	21	A=[a1,a1,a2,a2]	M_A_B	2	6	0	4	4	0
124	8	21	A=[a1,a2,a2];B=[a1]	M_A_B	2	3	0	3	4	0
124	28	21	A=[a1,a2];B=[a1,a2]	M_A_B	1	1	1	2	4	0
124	30	21	A=[a2];B=[a1,a1,a2]	C_B	2	0	3	1	4	0
124	17	21	A=[a2];B=[a1,a1+a2]	M_A_B	1	0	1	1	2	1
124	23	21	B=[a1,a1+a2,a2]	C_B	1	0	3	0	2	1
124	21	21	B=[a1+a2,a1+a2]	C_B	1	0	1	0	0	2
125	4	21	A=[a1,a1,a2,a2]	M_A_B	2	6	0	4	4	0
125	8	21	A=[a1,a2,a2];B=[a1]	M_A_B	2	3	0	3	4	0
125	28	21	A=[a1,a2];B=[a1,a2]	M_A_B	1	1	1	2	4	0
125	30	21	A=[a2];B=[a1,a1,a2]	C_B	2	0	3	1	4	0
125	17	21	A=[a2];B=[a1,a1+a2]	M_A_B	1	0	1	1	2	1
125	20	21	B=[a1,a1+a2,a2]	C_B	1	0	3	0	2	1
125	21	21	B=[a1,a1+a2+a2]	C_B	1	0	1	0	1	0
126	4	21	A=[a1,a1,a2,a2]	M_A_B	2	6	0	4	4	0
126	8	21	A=[a1,a2,a2];B=[a1]	M_A_B	2	3	0	3	4	0
126	28	21	A=[a1,a2];B=[a1,a2]	M_A_B	1	1	1	2	4	0
126	15	21	A=[a2];B=[a1,a1,a2]	M_A_B	1	0	3	1	4	0
126	16	21	B=[a1,a1,a2,a2]	C_B	1	0	6	0	4	0
126	22	21	B=[a1+a1,a2,a2]	C_B	2	0	3	0	2	1
126	21	21	B=[a1+a1+a2,a2]	C_B	1	0	1	0	1	0
127	4	21	A=[a1,a1,a2,a2]	M_A_B	2	6	0	4	4	0
127	8	21	A=[a1,a2,a2];B=[a1]	M_A_B	2	3	0	3	4	0
127	28	21	A=[a1,a2];B=[a1,a2]	M_A_B	1	1	1	2	4	0
127	15	21	A=[a2];B=[a1,a1,a2]	M_A_B	1	0	3	1	4	0
127	16	21	B=[a1,a1,a2,a2]	C_B	1	0	6	0	4	0
127	19	21	B=[a1+a1,a2,a2]	C_B	1	0	3	0	2	1
127	21	21	B=[a1+a1,a2+a2]	C_B	1	0	1	0	0	2
128	4	21	A=[a1,a1,a2,a2]	M_A_B	2	6	0	4	4	0
128	8	21	A=[a1,a2,a2];B=[a1]	M_A_B	2	3	0	3	4	0
128	28	21	A=[a1,a2];B=[a1,a2]	M_A_B	1	1	1	2	4	0
128	15	21	A=[a2];B=[a1,a1,a2]	M_A_B	1	0	3	1	4	0
128	17	21	B=[a1,a1,a2,a2]	C_B	4	0	6	0	4	0
128	22	21	B=[a1,a1+a2,a2]	C_B	1	0	3	0	2	1
128	21	21	B=[a1+a1+a2,a2]	C_B	1	0	1	0	1	0
129	4	21	A=[a1,a1,a2,a2]	M_A_B	2	6	0	4	4	0
129	8	21	A=[a1,a2,a2];B=[a1]	M_A_B	2	3	0	3	4	0
129	28	21	A=[a1,a2];B=[a1,a2]	M_A_B	1	1	1	2	4	0
129	15	21	A=[a2];B=[a1,a1,a2]	M_A_B	1	0	3	1	4	0
129	17	21	B=[a1,a1,a2,a2]	C_B	4	0	6	0	4	0
129	23	21	B=[a1,a1+a2,a2]	C_B	1	0	3	0	2	1
129	21	21	B=[a1+a2,a1+a2]	C_B	1	0	1	0	0	2
130	4	21	A=[a1,a1,a2,a2]	M_A_B	2	6	0	4	4	0
130	8	21	A=[a1,a2,a2];B=[a1]	M_A_B	2	3	0	3	4	0
130	28	21	A=[a1,a2];B=[a1,a2]	M_A_B	1	1	1	2	4	0
130	15	21	A=[a2];B=[a1,a1,a2]	M_A_B	1	0	3	1	4	0
130	17	21	B=[a1,a1,a2,a2]	C_B	4	0	6	0	4	0
130	20	21	B=[a1,a1+a2,a2]	C_B	1	0	3	0	2	1
130	21	21	B=[a1,a1+a2+a2]	C_B	1	0	1	0	1	0
131	4	21	A=[a1,a1,a2,a2]	M_A_B	2	6	0	4	4	0
131	8	21	A=[a1,a2,a2];B=[a1]	M_A_B	2	3	0	3	4	0
131	28	21	A=[a1,a2];B=[a1,a2]	M_A_B	1	1	1	2	4	0
131	15	21	A=[a2];B=[a1,a1,a2]	M_A_B	1	0	3	1	4	0
131	18	21	B=[a1,a1,a2,a2]	C_B	1	0	6	0	4	0
131	19	21	B=[a1,a1,a2+a2]	C_B	1	0	3	0	2	1
131	21	21	B=[a1+a1,a2+a2]	C_B	1	0	1	0	0	2
132	4	21	A=[a1,a1,a2,a2]	M_A_B	2	6	0	4	4	0
132	8	21	A=[a1,a2,a2];B=[a1]	M_A_B	2	3	0	3	4	0
132	28	21	A=[a1,a2];B=[a1,a2]	M_A_B	1	1	1	2	4	0
132	15	21	A=[a2];B=[a1,a1,a2]	M_A_B	1	0	3	1	4	0
132	18	21	B=[a1,a1,a2,a2]	C_B	1	0	6	0	4	0
132	20	21	B=[a1,a1,a2+a2]	C_B	2	0	3	0	2	1
132	21	21	B=[a1,a1+a2+a2]	C_B	1	0	1	0	1	0
133	4	21	A=[a1,a1,a2,a2]	M_A_B	2	6	0	4	4	0
133	8	21	A=[a1,a2,a2];B=[a1]	M_A_B	2	3	0	3	4	0
133	12	21	A=[a1,a2];B=[a1,a2]	M_A_B	1	1	1	2	4	0
133	13	21	A=[a1];B=[a1,a2,a2]	C_B	2	0	3	1	4	0
133	24	21	A=[a1];B=[a1+a2,a2]	C_B	1	0	1	1	2	1
133	20	21	A=[a1];B=[a1+a2+a2]	M_A_B	1	0	0	1	1	0
133	21	21	B=[a1,a1+a2+a2]	C_B	1	0	1	0	1	0
134	4	21	A=[a1,a1,a2,a2]	M_A_B	2	6	0	4	4	0
134	8	21	A=[a1,a2,a2];B=[a1]	M_A_B	2	3	0	3	4	0
134	12	21	A=[a1,a2];B=[a1,a2]	M_A_B	1	1	1	2	4	0
134	13	21	A=[a1];B=[a1,a2,a2]	C_B	2	0	3	1	4	0
134	17	21	A=[a1];B=[a1+a2,a2]	M_A_B	1	0	1	1	2	1
134	22	21	B=[a1,a1+a2,a2]	C_B	1	0	3	0	2	1
134	21	21	B=[a1+a1+a2,a2]	C_B	1	0	1	0	1	0
135	4	21	A=[a1,a1,a2,a2]	M_A_B	2	6	0	4	4	0
135	8	21	A=[a1,a2,a2];B=[a1]	M_A_B	2	3	0	3	4	0
135	12	21	A=[a1,a2];B=[a1,a2]	M_A_B	1	1	1	2	4	0
135	13	21	A=[a1];B=[a1,a2,a2]	C_B	2	0	3	1	4	0
135	17	21	A=[a1];B=[a1+a2,a2]	M_A_B	1	0	1	1	2	1
135	23	21	B=[a1,a1+a2,a2]	C_B	1	0	3	0	2	1
135	21	21	B=[a1+a2,a1+a2]	C_B	1	0	1	0	0	2
136	4	21	A=[a1,a1,a2,a2]	M_A_B	2	6	0	4	4	0
136	8	21	A=[a1,a2,a2];B=[a1]	M_A_B	2	3	0	3	4	0
136	12	21	A=[a1,a2];B=[a1,a2]	M_A_B	1	1	1	2	4	0
136	13	21	A=[a1];B=[a1,a2,a2]	C_B	2	0	3	1	4	0
136	17	21	A=[a1];B=[a1+a2,a2]	M_A_B	1	0	1	1	2	1
136	20	21	B=[a1,a1+a2,a2]	C_B	1	0	3	0	2	1
136	21	21	B=[a1,a1+a2+a2]	C_B	1	0	1	0	1	0
137	4	21	A=[a1,a1,a2,a2]	M_A_B	2	6	0	4	4	0
137	8	21	A=[a1,a2,a2];B=[a1]	M_A_B	2	3	0	3	4	0
137	12	21	A=[a1,a2];B=[a1,a2]	M_A_B	1	1	1	2	4	0
137	14	21	A=[a1];B=[a1,a2,a2]	C_B	1	0	3	1	4	0
137	24	21	A=[a1];B=[a1,a2+a2]	C_B	1	0	1	1	2	1
137	20	21	A=[a1];B=[a1+a2+a2]	M_A_B	1	0	0	1	1	0
137	21	21	B=[a1,a1+a2+a2]	C_B	1	0	1	0	1	0
138	4	21	A=[a1,a1,a2,a2]	M_A_B	2	6	0	4	4	0
138	8	21	A=[a1,a2,a2];B=[a1]	M_A_B	2	3	0	3	4	0
138	12	21	A=[a1,a2];B=[a1,a2]	M_A_B	1	1	1	2	4	0
138	14	21	A=[a1];B=[a1,a2,a2]	C_B	1	0	3	1	4	0
138	18	21	A=[a1];B=[a1,a2+a2]	M_A_B	1	0	1	1	2	1
138	19	21	B=[a1,a1,a2+a2]	C_B	1	0	3	0	2	1
138	21	21	B=[a1+a1,a2+a2]	C_B	1	0	1	0	0	2
139	4	21	A=[a1,a1,a2,a2]	M_A_B	2	6	0	4	4	0
139	8	21	A=[a1,a2,a2];B=[a1]	M_A_B	2	3	0	3	4	0
139	12	21	A=[a1,a2];B=[a1,a2]	M_A_B	1	1	1	2	4	0
139	14	21	A=[a1];B=[a1,a2,a2]	C_B	1	0	3	1	4	0
139	18	21	A=[a1];B=[a1,a2+a2]	M_A_B	1	0	1	1	2	1
139	20	21	B=[a1,a1,a2+a2]	C_B	2	0	3	0	2	1
139	21	21	B=[a1,a1+a2+a2]	C_B	1	0	1	0	1	0
140	4	21	A=[a1,a1,a2,a2]	M_A_B	2	6	0	4	4	0
140	8	21	A=[a1,a2,a2];B=[a1]	M_A_B	2	3	0	3	4	0
140	12	21	A=[a1,a2];B=[a1,a2]	M_A_B	1	1	1	2	4	0
140	15	21	A=[a1];B=[a1,a2,a2]	M_A_B	1	0	3	1	4	0
140	16	21	B=[a1,a1,a2,a2]	C_B	1	0	6	0	4	0
140	22	21	B=[a1+a1,a2,a2]	C_B	2	0	3	0	2	1
140	21	21	B=[a1+a1+a2,a2]	C_B	1	0	1	0	1	0
141	4	21	A=[a1,a1,a2,a2]	M_A_B	2	6	0	4	4	0
141	8	21	A=[a1,a2,a2];B=[a1]	M_A_B	2	3	0	3	4	0
141	12	21	A=[a1,a2];B=[a1,a2]	M_A_B	1	1	1	2	4	0
141	15	21	A=[a1];B=[a1,a2,a2]	M_A_B	1	0	3	1	4	0
141	16	21	B=[a1,a1,a2,a2]	C_B	1	0	6	0	4	0
141	19	21	B=[a1+a1,a2,a2]	C_B	1	0	3	0	2	1
141	21	21	B=[a1+a1,a2+a2]	C_B	1	0	1	0	0	2
142	4	21	A=[a1,a1,a2,a2]	M_A_B	2	6	0	4	4	0
142	8	21	A=[a1,a2,a2];B=[a1]	M_A_B	2	3	0	3	4	0
142	12	21	A=[a1,a2];B=[a1,a2]	M_A_B	1	1	1	2	4	0
142	15	21	A=[a1];B=[a1,a2,a2]	M_A_B	1	0	3	1	4	0
142	17	21	B=[a1,a1,a2,a2]	C_B	4	0	6	0	4	0
142	22	21	B=[a1,a1+a2,a2]	C_B	1	0	3	0	2	1
142	21	21	B=[a1+a1+a2,a2]	C_B	1	0	1	0	1	0
143	4	21	A=[a1,a1,a2,a2]	M_A_B	2	6	0	4	4	0
143	8	21	A=[a1,a2,a2];B=[a1]	M_A_B	2	3	0	3	4	0
143	12	21	A=[a1,a2];B=[a1,a2]	M_A_B	1	1	1	2	4	0
143	15	21	A=[a1];B=[a1,a2,a2]	M_A_B	1	0	3	1	4	0
143	17	21	B=[a1,a1,a2,a2]	C_B	4	0	6	0	4	0
143	23	21	B=[a1,a1+a2,a2]	C_B	1	0	3	0	2	1
143	21	21	B=[a1+a2,a1+a2]	C_B	1	0	1	0	0	2
144	4	21	A=[a1,a1,a2,a2]	M_A_B	2	6	0	4	4	0
144	8	21	A=[a1,a2,a2];B=[a1]	M_A_B	2	3	0	3	4	0
144	12	21	A=[a1,a2];B=[a1,a2]	M_A_B	1	1	1	2	4	0
144	15	21	A=[a1];B=[a1,a2,a2]	M_A_B	1	0	3	1	4	0
144	17	21	B=[a1,a1,a2,a2]	C_B	4	0	6	0	4	0
144	20	21	B=[a1,a1+a2,a2]	C_B	1	0	3	0	2	1
144	21	21	B=[a1,a1+a2+a2]	C_B	1	0	1	0	1	0
145	4	21	A=[a1,a1,a2,a2]	M_A_B	2	6	0	4	4	0
145	8	21	A=[a1,a2,a2];B=[a1]	M_A_B	2	3	0	3	4	0
145	12	21	A=[a1,a2];B=[a1,a2]	M_A_B	1	1	1	2	4	0
145	15	21	A=[a1];B=[a1,a2,a2]	M_A_B	1	0	3	1	4	0
145	18	21	B=[a1,a1,a2,a2]	C_B	1	0	6	0	4	0
145	19	21	B=[a1,a1,a2+a2]	C_B	1	0	3	0	2	1
145	21	21	B=[a1+a1,a2+a2]	C_B	1	0	1	0	0	2
146	4	21	A=[a1,a1,a2,a2]	M_A_B	2	6	0	4	4	0
146	8	21	A=[a1,a2,a2];B=[a1]	M_A_B	2	3	0	3	4	0
146	12	21	A=[a1,a2];B=[a1,a2]	M_A_B	1	1	1	2	4	0
146	15	21	A=[a1];B=[a1,a2,a2]	M_A_B	1	0	3	1	4	0
146	18	21	B=[a1,a1,a2,a2]	C_B	1	0	6	0	4	0
146	20	21	B=[a1,a1,a2+a2]	C_B	2	0	3	0	2	1
146	21	21	B=[a1,a1+a2+a2]	C_B	1	0	1	0	1	0
147	5	21	A=[a1,a1,a2,a2]	M_A_B	2	6	0	4	4	0
147	6	21	A=[a1,a1,a2];B=[a2]	C_A	1	3	0	3	4	0
147	33	21	A=[a1+a1,a2];B=[a2]	C_A	1	1	0	2	2	1
147	22	21	A=[a1+a1+a2];B=[a2]	M_A_B	1	0	0	1	1	0
147	21	21	B=[a1+a1+a2,a2]	C_B	1	0	1	0	1	0
148	5	21	A=[a1,a1,a2,a2]	M_A_B	2	6	0	4	4	0
148	6	21	A=[a1,a1,a2];B=[a2]	C_A	1	3	0	3	4	0
148	29	21	A=[a1+a1,a2];B=[a2]	M_A_B	1	1	0	2	2	1
148	31	21	A=[a2];B=[a1+a1,a2]	C_B	1	0	1	1	2	1
148	22	21	A=[a2];B=[a1+a1+a2]	M_A_B	1	0	0	1	1	0
148	21	21	B=[a1+a1+a2,a2]	C_B	1	0	1	0	1	0
149	5	21	A=[a1,a1,a2,a2]	M_A_B	2	6	0	4	4	0
149	6	21	A=[a1,a1,a2];B=[a2]	C_A	1	3	0	3	4	0
149	29	21	A=[a1+a1,a2];B=[a2]	M_A_B	1	1	0	2	2	1
149	16	21	A=[a2];B=[a1+a1,a2]	M_A_B	1	0	1	1	2	1
149	22	21	B=[a1+a1,a2,a2]	C_B	2	0	3	0	2	1
149	21	21	B=[a1+a1+a2,a2]	C_B	1	0	1	0	1	0
150	5	21	A=[a1,a1,a2,a2]	M_A_B	2	6	0	4	4	0
150	6	21	A=[a1,a1,a2];B=[a2]	C_A	1	3	0	3	4	0
150	29	21	A=[a1+a1,a2];B=[a2]	M_A_B	1	1	0	2	2	1
150	16	21	A=[a2];B=[a1+a1,a2]	M_A_B	1	0	1	1	2	1
150	19	21	B=[a1+a1,a2,a2]	C_B	1	0	3	0	2	1
150	21	21	B=[a1+a1,a2+a2]	C_B	1	0	1	0	0	2
151	5	21	A=[a1,a1,a2,a2]	M_A_B	2	6	0	4	4	0
151	6	21	A=[a1,a1,a2];B=[a2]	C_A	1	3	0	3	4	0
151	10	21	A=[a1+a1,a2];B=[a2]	M_A_B	1	1	0	2	2	1
151	25	21	A=[a1+a1];B=[a2,a2]	C_B	1	0	1	1	2	1
151	19	21	A=[a1+a1];B=[a2+a2]	M_A_B	1	0	0	1	0	2
151	21	21	B=[a1+a1,a2+a2]	C_B	1	0	1	0	0	2
152	5	21	A=[a1,a1,a2,a2]	M_A_B	2	6	0	4	4	0
152	6	21	A=[a1,a1,a2];B=[a2]	C_A	1	3	0	3	4	0
152	10	21	A=[a1+a1,a2];B=[a2]	M_A_B	1	1	0	2	2	1
152	16	21	A=[a1+a1];B=[a2,a2]	M_A_B	1	0	1	1	2	1
152	22	21	B=[a1+a1,a2,a2]	C_B	2	0	3	0	2	1
152	21	21	B=[a1+a1+a2,a2]	C_B	1	0	1	0	1	0
153	5	21	A=[a1,a1,a2,a2]	M_A_B	2	6	0	4	4	0
153	6	21	A=[a1,a1,a2];B=[a2]	C_A	1	3	0	3	4	0
153	10	21	A=[a1+a1,a2];B=[a2]	M_A_B	1	1	0	2	2	1
153	16	21	A=[a1+a1];B=[a2,a2]	M_A_B	1	0	1	1	2	1
153	19	21	B=[a1+a1,a2,a2]	C_B	1	0	3	0	2	1
153	21	21	B=[a1+a1,a2+a2]	C_B	1	0	1	0	0	2
154	5	21	A=[a1,a1,a2,a2]	M_A_B	2	6	0	4	4	0
154	7	21	A=[a1,a1,a2];B=[a2]	C_A	2	3	0	3	4	0
154	33	21	A=[a1,a1+a2];B=[a2]	C_A	1	1	0	2	2	1
154	22	21	A=[a1+a1+a2];B=[a2]	M_A_B	1	0	0	1	1	0
154	21	21	B=[a1+a1+a2,a2]	C_B	1	0	1	0	1	0
155	5	21	A=[a1,a1,a2,a2]	M_A_B	2	6	0	4	4	0
155	7	21	A=[a1,a1,a2];B=[a2]	C_A	2	3	0	3	4	0
155	26	21	A=[a1,a1+a2];B=[a2]	M_A_B	1	1	0	2	2	1
155	32	21	A=[a1+a2];B=[a1,a2]	C_B	1	0	1	1	2	1
155	23	21	A=[a1+a2];B=[a1+a2]	M_A_B	1	0	0	1	0	2
155	21	21	B=[a1+a2,a1+a2]	C_B	1	0	1	0	0	2
156	5	21	A=[a1,a1,a2,a2]	M_A_B	2	6	0	4	4	0
156	7	21	A=[a1,a1,a2];B=[a2]	C_A	2	3	0	3	4	0
156	26	21	A=[a1,a1+a2];B=[a2]	M_A_B	1	1	0	2	2	1
156	17	21	A=[a1+a2];B=[a1,a2]	M_A_B	1	0	1	1	2	1
156	22	21	B=[a1,a1+a2,a2]	C_B	1	0	3	0	2	1
156	21	21	B=[a1+a1+a2,a2]	C_B	1	0	1	0	1	0
157	5	21	A=[a1,a1,a2,a2]	M_A_B	2	6	0	4	4	0
157	7	21	A=[a1,a1,a2];B=[a2]	C_A	2	3	0	3	4	0
157	26	21	A=[a1,a1+a2];B=[a2]	M_A_B	1	1	0	2	2	1
157	17	21	A=[a1+a2];B=[a1,a2]	M_A_B	1	0	1	1	2	1
157	23	21	B=[a1,a1+a2,a2]	C_B	1	0	3	0	2	1
157	21	21	B=[a1+a2,a1+a2]	C_B	1	0	1	0	0	2
158	5	21	A=[a1,a1,a2,a2]	M_A_B	2	6	0	4	4	0
158	7	21	A=[a1,a1,a2];B=[a2]	C_A	2	3	0	3	4	0
158	26	21	A=[a1,a1+a2];B=[a2]	M_A_B	1	1	0	2	2	1
158	17	21	A=[a1+a2];B=[a1,a2]	M_A_B	1	0	1	1	2	1
158	20	21	B=[a1,a1+a2,a2]	C_B	1	0	3	0	2	1
158	21	21	B=[a1,a1+a2+a2]	C_B	1	0	1	0	1	0
159	5	21	A=[a1,a1,a2,a2]	M_A_B	2	6	0	4	4	0
159	7	21	A=[a1,a1,a2];B=[a2]	C_A	2	3	0	3	4	0
159	13	21	A=[a1,a1+a2];B=[a2]	M_A_B	1	1	0	2	2	1
159	24	21	A=[a1];B=[a1+a2,a2]	C_B	1	0	1	1	2	1
159	20	21	A=[a1];B=[a1+a2+a2]	M_A_B	1	0	0	1	1	0
159	21	21	B=[a1,a1+a2+a2]	C_B	1	0	1	0	1	0
160	5	21	A=[a1,a1,a2,a2]	M_A_B	2	6	0	4	4	0
160	7	21	A=[a1,a1,a2];B=[a2]	C_A	2	3	0	3	4	0
160	13	21	A=[a1,a1+a2];B=[a2]	M_A_B	1	1	0	2	2	1
160	17	21	A=[a1];B=[a1+a2,a2]	M_A_B	1	0	1	1	2	1
160	22	21	B=[a1,a1+a2,a2]	C_B	1	0	3	0	2	1
160	21	21	B=[a1+a1+a2,a2]	C_B	1	0	1	0	1	0
161	5	21	A=[a1,a1,a2,a2]	M_A_B	2	6	0	4	4	0
161	7	21	A=[a1,a1,a2];B=[a2]	C_A	2	3	0	3	4	0
161	13	21	A=[a1,a1+a2];B=[a2]	M_A_B	1	1	0	2	2	1
161	17	21	A=[a1];B=[a1+a2,a2]	M_A_B	1	0	1	1	2	1
161	23	21	B=[a1,a1+a2,a2]	C_B	1	0	3	0	2	1
161	21	21	B=[a1+a2,a1+a2]	C_B	1	0	1	0	0	2
162	5	21	A=[a1,a1,a2,a2]	M_A_B	2	6	0	4	4	0
162	7	21	A=[a1,a1,a2];B=[a2]	C_A	2	3	0	3	4	0
162	13	21	A=[a1,a1+a2];B=[a2]	M_A_B	1	1	0	2	2	1
162	17	21	A=[a1];B=[a1+a2,a2]	M_A_B	1	0	1	1	2	1
162	20	21	B=[a1,a1+a2,a2]	C_B	1	0	3	0	2	1
162	21	21	B=[a1,a1+a2+a2]	C_B	1	0	1	0	1	0
163	5	21	A=[a1,a1,a2,a2]	M_A_B	2	6	0	4	4	0
163	8	21	A=[a1,a1,a2];B=[a2]	M_A_B	2	3	0	3	4	0
163	26	21	A=[a1,a2];B=[a1,a2]	C_A	1	1	1	2	4	0
163	32	21	A=[a1+a2];B=[a1,a2]	C_B	1	0	1	1	2	1
163	23	21	A=[a1+a2];B=[a1+a2]	M_A_B	1	0	0	1	0	2
163	21	21	B=[a1+a2,a1+a2]	C_B	1	0	1	0	0	2
164	5	21	A=[a1,a1,a2,a2]	M_A_B	2	6	0	4	4	0
164	8	21	A=[a1,a1,a2];B=[a2]	M_A_B	2	3	0	3	4	0
164	26	21	A=[a1,a2];B=[a1,a2]	C_A	1	1	1	2	4	0
164	17	21	A=[a1+a2];B=[a1,a2]	M_A_B	1	0	1	1	2	1
164	22	21	B=[a1,a1+a2,a2]	C_B	1	0	3	0	2	1
164	21	21	B=[a1+a1+a2,a2]	C_B	1	0	1	0	1	0
165	5	21	A=[a1,a1,a2,a2]	M_A_B	2	6	0	4	4	0
165	8	21	A=[a1,a1,a2];B=[a2]	M_A_B	2	3	0	3	4	0
165	26	21	A=[a1,a2];B=[a1,a2]	C_A	1	1	1	2	4	0
165	17	21	A=[a1+a2];B=[a1,a2]	M_A_B	1	0	1	1	2	1
165	23	21	B=[a1,a1+a2,a2]	C_B	1	0	3	0	2	1
165	21	21	B=[a1+a2,a1+a2]	C_B	1	0	1	0	0	2
166	5	21	A=[a1,a1,a2,a2]	M_A_B	2	6	0	4	4	0
166	8	21	A=[a1,a1,a2];B=[a2]	M_A_B	2	3	0	3	4	0
166	26	21	A=[a1,a2];B=[a1,a2]	C_A	1	1	1	2	4	0
166	17	21	A=[a1+a2];B=[a1,a2]	M_A_B	1	0	1	1	2	1
166	20	21	B=[a1,a1+a2,a2]	C_B	1	0	3	0	2	1
166	21	21	B=[a1,a1+a2+a2]	C_B	1	0	1	0	1	0
167	5	21	A=[a1,a1,a2,a2]	M_A_B	2	6	0	4	4	0
167	8	21	A=[a1,a1,a2];B=[a2]	M_A_B	2	3	0	3	4	0
167	27	21	A=[a1,a2];B=[a1,a2]	C_B	1	1	1	2	4	0
167	32	21	A=[a1,a2];B=[a1+a2]	C_A	1	1	0	2	2	1
167	23	21	A=[a1+a2];B=[a1+a2]	M_A_B	1	0	0	1	0	2
167	21	21	B=[a1+a2,a1+a2]	C_B	1	0	1	0	0	2
168	5	21	A=[a1,a1,a2,a2]	M_A_B	2	6	0	4	4	0
168	8	21	A=[a1,a1,a2];B=[a2]	M_A_B	2	3	0	3	4	0
168	27	21	A=[a1,a2];B=[a1,a2]	C_B	1	1	1	2	4	0
168	30	21	A=[a1,a2];B=[a1+a2]	M_A_B	1	1	0	2	2	1
168	31	21	A=[a2];B=[a1,a1+a2]	C_B	1	0	1	1	2	1
168	22	21	A=[a2];B=[a1+a1+a2]	M_A_B	1	0	0	1	1	0
168	21	21	B=[a1+a1+a2,a2]	C_B	1	0	1	0	1	0
169	5	21	A=[a1,a1,a2,a2]	M_A_B	2	6	0	4	4	0
169	8	21	A=[a1,a1,a2];B=[a2]	M_A_B	2	3	0	3	4	0
169	27	21	A=[a1,a2];B=[a1,a2]	C_B	1	1	1	2	4	0
169	30	21	A=[a1,a2];B=[a1+a2]	M_A_B	1	1	0	2	2	1
169	17	21	A=[a2];B=[a1,a1+a2]	M_A_B	1	0	1	1	2	1
169	22	21	B=[a1,a1+a2,a2]	C_B	1	0	3	0	2	1
169	21	21	B=[a1+a1+a2,a2]	C_B	1	0	1	0	1	0
170	5	21	A=[a1,a1,a2,a2]	M_A_B	2	6	0	4	4	0
170	8	21	A=[a1,a1,a2];B=[a2]	M_A_B	2	3	0	3	4	0
170	27	21	A=[a1,a2];B=[a1,a2]	C_B	1	1	1	2	4	0
170	30	21	A=[a1,a2];B=[a1+a2]	M_A_B	1	1	0	2	2	1
170	17	21	A=[a2];B=[a1,a1+a2]	M_A_B	1	0	1	1	2	1
170	23	21	B=[a1,a1+a2,a2]	C_B	1	0	3	0	2	1
170	21	21	B=[a1+a2,a1+a2]	C_B	1	0	1	0	0	2
171	5	21	A=[a1,a1,a2,a2]	M_A_B	2	6	0	4	4	0
171	8	21	A=[a1,a1,a2];B=[a2]	M_A_B	2	3	0	3	4	0
171	27	21	A=[a1,a2];B=[a1,a2]	C_B	1	1	1	2	4	0
171	30	21	A=[a1,a2];B=[a1+a2]	M_A_B	1	1	0	2	2	1
171	17	21	A=[a2];B=[a1,a1+a2]	M_A_B	1	0	1	1	2	1
171	20	21	B=[a1,a1+a2,a2]	C_B	1	0	3	0	2	1
171	21	21	B=[a1,a1+a2+a2]	C_B	1	0	1	0	1	0
172	5	21	A=[a1,a1,a2,a2]	M_A_B	2	6	0	4	4	0
172	8	21	A=[a1,a1,a2];B=[a2]	M_A_B	2	3	0	3	4	0
172	27	21	A=[a1,a2];B=[a1,a2]	C_B	1	1	1	2	4	0
172	13	21	A=[a1,a2];B=[a1+a2]	M_A_B	1	1	0	2	2	1
172	24	21	A=[a1];B=[a1+a2,a2]	C_B	1	0	1	1	2	1
172	20	21	A=[a1];B=[a1+a2+a2]	M_A_B	1	0	0	1	1	0
172	21	21	B=[a1,a1+a2+a2]	C_B	1	0	1	0	1	0
173	5	21	A=[a1,a1,a2,a2]	M_A_B	2	6	0	4	4	0
173	8	21	A=[a1,a1,a2];B=[a2]	M_A_B	2	3	0	3	4	0
173	27	21	A=[a1,a2];B=[a1,a2]	C_B	1	1	1	2	4	0
173	13	21	A=[a1,a2];B=[a1+a2]	M_A_B	1	1	0	2	2	1
173	17	21	A=[a1];B=[a1+a2,a2]	M_A_B	1	0	1	1	2	1
173	22	21	B=[a1,a1+a2,a2]	C_B	1	0	3	0	2	1
173	21	21	B=[a1+a1+a2,a2]	C_B	1	0	1	0	1	0
174	5	21	A=[a1,a1,a2,a2]	M_A_B	2	6	0	4	4	0
174	8	21	A=[a1,a1,a2];B=[a2]	M_A_B	2	3	0	3	4	0
174	27	21	A=[a1,a2];B=[a1,a2]	C_B	1	1	1	2	4	0
174	13	21	A=[a1,a2];B=[a1+a2]	M_A_B	1	1	0	2	2	1
174	17	21	A=[a1];B=[a1+a2,a2]	M_A_B	1	0	1	1	2	1
174	23	21	B=[a1,a1+a2,a2]	C_B	1	0	3	0	2	1
174	21	21	B=[a1+a2,a1+a2]	C_B	1	0	1	0	0	2
175	5	21	A=[a1,a1,a2,a2]	M_A_B	2	6	0	4	4	0
175	8	21	A=[a1,a1,a2];B=[a2]	M_A_B	2	3	0	3	4	0
175	27	21	A=[a1,a2];B=[a1,a2]	C_B	1	1	1	2	4	0
175	13	21	A=[a1,a2];B=[a1+a2]	M_A_B	1	1	0	2	2	1
175	17	21	A=[a1];B=[a1+a2,a2]	M_A_B	1	0	1	1	2	1
175	20	21	B=[a1,a1+a2,a2]	C_B	1	0	3	0	2	1
175	21	21	B=[a1,a1+a2+a2]	C_B	1	0	1	0	1	0
176	5	21	A=[a1,a1,a2,a2]	M_A_B	2	6	0	4	4	0
176	8	21	A=[a1,a1,a2];B=[a2]	M_A_B	2	3	0	3	4	0
176	28	21	A=[a1,a2];B=[a1,a2]	M_A_B	1	1	1	2	4	0
176	29	21	A=[a2];B=[a1,a1,a2]	C_B	1	0	3	1	4	0
176	31	21	A=[a2];B=[a1+a1,a2]	C_B	1	0	1	1	2	1
176	22	21	A=[a2];B=[a1+a1+a2]	M_A_B	1	0	0	1	1	0
176	21	21	B=[a1+a1+a2,a2]	C_B	1	0	1	0	1	0
177	5	21	A=[a1,a1,a2,a2]	M_A_B	2	6	0	4	4	0
177	8	21	A=[a1,a1,a2];B=[a2]	M_A_B	2	3	0	3	4	0
177	28	21	A=[a1,a2];B=[a1,a2]	M_A_B	1	1	1	2	4	0
177	29	21	A=[a2];B=[a1,a1,a2]	C_B	1	0	3	1	4	0
177	16	21	A=[a2];B=[a1+a1,a2]	M_A_B	1	0	1	1	2	1
177	22	21	B=[a1+a1,a2,a2]	C_B	2	0	3	0	2	1
177	21	21	B=[a1+a1+a2,a2]	C_B	1	0	1	0	1	0
178	5	21	A=[a1,a1,a2,a2]	M_A_B	2	6	0	4	4	0
178	8	21	A=[a1,a1,a2];B=[a2]	M_A_B	2	3	0	3	4	0
178	28	21	A=[a1,a2];B=[a1,a2]	M_A_B	1	1	1	2	4	0
178	29	21	A=[a2];B=[a1,a1,a2]	C_B	1	0	3	1	4	0
178	16	21	A=[a2];B=[a1+a1,a2]	M_A_B	1	0	1	1	2	1
178	19	21	B=[a1+a1,a2,a2]	C_B	1	0	3	0	2	1
178	21	21	B=[a1+a1,a2+a2]	C_B	1	0	1	0	0	2
179	5	21	A=[a1,a1,a2,a2]	M_A_B	2	6	0	4	4	0
179	8	21	A=[a1,a1,a2];B=[a2]	M_A_B	2	3	0	3	4	0
179	28	21	A=[a1,a2];B=[a1,a2]	M_A_B	1	1	1	2	4	0
179	30	21	A=[a2];B=[a1,a1,a2]	C_B	2	0	3	1	4	0
179	31	21	A=[a2];B=[a1,a1+a2]	C_B	1	0	1	1	2	1
179	22	21	A=[a2];B=[a1+a1+a2]	M_A_B	1	0	0	1	1	0
179	21	21	B=[a1+a1+a2,a2]	C_B	1	0	1	0	1	0
180	5	21	A=[a1,a1,a2,a2]	M_A_B	2	6	0	4	4	0
180	8	21	A=[a1,a1,a2];B=[a2]	M_A_B	2	3	0	3	4	0
180	28	21	A=[a1,a2];B=[a1,a2]	M_A_B	1	1	1	2	4	0
180	30	21	A=[a2];B=[a1,a1,a2]	C_B	2	0	3	1	4	0
180	17	21	A=[a2];B=[a1,a1+a2]	M_A_B	1	0	1	1	2	1
180	22	21	B=[a1,a1+a2,a2]	C_B	1	0	3	0	2	1
180	21	21	B=[a1+a1+a2,a2]	C_B	1	0	1	0	1	0
181	5	21	A=[a1,a1,a2,a2]	M_A_B	2	6	0	4	4	0
181	8	21	A=[a1,a1,a2];B=[a2]	M_A_B	2	3	0	3	4	0
181	28	21	A=[a1,a2];B=[a1,a2]	M_A_B	1	1	1	2	4	0
181	30	21	A=[a2];B=[a1,a1,a2]	C_B	2	0	3	1	4	0
181	17	21	A=[a2];B=[a1,a1+a2]	M_A_B	1	0	1	1	2	1
181	23	21	B=[a1,a1+a2,a2]	C_B	1	0	3	0	2	1
181	21	21	B=[a1+a2,a1+a2]	C_B	1	0	1	0	0	2
182	5	21	A=[a1,a1,a2,a2]	M_A_B	2	6	0	4	4	0
182	8	21	A=[a1,a1,a2];B=[a2]	M_A_B	2	3	0	3	4	0
182	28	21	A=[a1,a2];B=[a1,a2]	M_A_B	1	1	1	2	4	0
182	30	21	A=[a2];B=[a1,a1,a2]	C_B	2	0	3	1	4	0
182	17	21	A=[a2];B=[a1,a1+a2]	M_A_B	1	0	1	1	2	1
182	20	21	B=[a1,a1+a2,a2]	C_B	1	0	3	0	2	1
182	21	21	B=[a1,a1+a2+a2]	C_B	1	0	1	0	1	0
183	5	21	A=[a1,a1,a2,a2]	M_A_B	2	6	0	4	4	0
183	8	21	A=[a1,a1,a2];B=[a2]	M_A_B	2	3	0	3	4	0
183	28	21	A=[a1,a2];B=[a1,a2]	M_A_B	1	1	1	2	4	0
183	15	21	A=[a2];B=[a1,a1,a2]	M_A_B	1	0	3	1	4	0
183	16	21	B=[a1,a1,a2,a2]	C_B	1	0	6	0	4	0
183	22	21	B=[a1+a1,a2,a2]	C_B	2	0	3	0	2	1
183	21	21	B=[a1+a1+a2,a2]	C_B	1	0	1	0	1	0
184	5	21	A=[a1,a1,a2,a2]	M_A_B	2	6	0	4	4	0
184	8	21	A=[a1,a1,a2];B=[a2]	M_A_B	2	3	0	3	4	0
184	28	21	A=[a1,a2];B=[a1,a2]	M_A_B	1	1	1	2	4	0
184	15	21	A=[a2];B=[a1,a1,a2]	M_A_B	1	0	3	1	4	0
184	16	21	B=[a1,a1,a2,a2]	C_B	1	0	6	0	4	0
184	19	21	B=[a1+a1,a2,a2]	C_B	1	0	3	0	2	1
184	21	21	B=[a1+a1,a2+a2]	C_B	1	0	1	0	0	2
185	5	21	A=[a1,a1,a2,a2]	M_A_B	2	6	0	4	4	0
185	8	21	A=[a1,a1,a2];B=[a2]	M_A_B	2	3	0	3	4	0
185	28	21	A=[a1,a2];B=[a1,a2]	M_A_B	1	1	1	2	4	0
185	15	21	A=[a2];B=[a1,a1,a2]	M_A_B	1	0	3	1	4	0
185	17	21	B=[a1,a1,a2,a2]	C_B	4	0	6	0	4	0
185	22	21	B=[a1,a1+a2,a2]	C_B	1	0	3	0	2	1
185	21	21	B=[a1+a1+a2,a2]	C_B	1	0	1	0	1	0
186	5	21	A=[a1,a1,a2,a2]	M_A_B	2	6	0	4	4	0
186	8	21	A=[a1,a1,a2];B=[a2]	M_A_B	2	3	0	3	4	0
186	28	21	A=[a1,a2];B=[a1,a2]	M_A_B	1	1	1	2	4	0
186	15	21	A=[a2];B=[a1,a1,a2]	M_A_B	1	0	3	1	4	0
186	17	21	B=[a1,a1,a2,a2]	C_B	4	0	6	0	4	0
186	23	21	B=[a1,a1+a2,a2]	C_B	1	0	3	0	2	1
186	21	21	B=[a1+a2,a1+a2]	C_B	1	0	1	0	0	2
187	5	21	A=[a1,a1,a2,a2]	M_A_B	2	6	0	4	4	0
187	8	21	A=[a1,a1,a2];B=[a2]	M_A_B	2	3	0	3	4	0
187	28	21	A=[a1,a2];B=[a1,a2]	M_A_B	1	1	1	2	4	0
187	15	21	A=[a2];B=[a1,a1,a2]	M_A_B	1	0	3	1	4	0
187	17	21	B=[a1,a1,a2,a2]	C_B	4	0	6	0	4	0
187	20	21	B=[a1,a1+a2,a2]	C_B	1	0	3	0	2	1
187	21	21	B=[a1,a1+a2+a2]	C_B	1	0	1	0	1	0
188	5	21	A=[a1,a1,a2,a2]	M_A_B	2	6	0	4	4	0
188	8	21	A=[a1,a1,a2];B=[a2]	M_A_B	2	3	0	3	4	0
188	28	21	A=[a1,a2];B=[a1,a2]	M_A_B	1	1	1	2	4	0
188	15	21	A=[a2];B=[a1,a1,a2]	M_A_B	1	0	3	1	4	0
188	18	21	B=[a1,a1,a2,a2]	C_B	1	0	6	0	4	0
188	19	21	B=[a1,a1,a2+a2]	C_B	1	0	3	0	2	1
188	21	21	B=[a1+a1,a2+a2]	C_B	1	0	1	0	0	2
189	5	21	A=[a1,a1,a2,a2]	M_A_B	2	6	0	4	4	0
189	8	21	A=[a1,a1,a2];B=[a2]	M_A_B	2	3	0	3	4	0
189	28	21	A=[a1,a2];B=[a1,a2]	M_A_B	1	1	1	2	4	0
189	15	21	A=[a2];B=[a1,a1,a2]	M_A_B	1	0	3	1	4	0
189	18	21	B=[a1,a1,a2,a2]	C_B	1	0	6	0	4	0
189	20	21	B=[a1,a1,a2+a2]	C_B	2	0	3	0	2	1
189	21	21	B=[a1,a1+a2+a2]	C_B	1	0	1	0	1	0
190	5	21	A=[a1,a1,a2,a2]	M_A_B	2	6	0	4	4	0
190	8	21	A=[a1,a1,a2];B=[a2]	M_A_B	2	3	0	3	4	0
190	12	21	A=[a1,a2];B=[a1,a2]	M_A_B	1	1	1	2	4	0
190	13	21	A=[a1];B=[a1,a2,a2]	C_B	2	0	3	1	4	0
190	24	21	A=[a1];B=[a1+a2,a2]	C_B	1	0	1	1	2	1
190	20	21	A=[a1];B=[a1+a2+a2]	M_A_B	1	0	0	1	1	0
190	21	21	B=[a1,a1+a2+a2]	C_B	1	0	1	0	1	0
191	5	21	A=[a1,a1,a2,a2]	M_A_B	2	6	0	4	4	0
191	8	21	A=[a1,a1,a2];B=[a2]	M_A_B	2	3	0	3	4	0
191	12	21	A=[a1,a2];B=[a1,a2]	M_A_B	1	1	1	2	4	0
191	13	21	A=[a1];B=[a1,a2,a2]	C_B	2	0	3	1	4	0
191	17	21	A=[a1];B=[a1+a2,a2]	M_A_B	1	0	1	1	2	1
191	22	21	B=[a1,a1+a2,a2]	C_B	1	0	3	0	2	1
191	21	21	B=[a1+a1+a2,a2]	C_B	1	0	1	0	1	0
192	5	21	A=[a1,a1,a2,a2]	M_A_B	2	6	0	4	4	0
192	8	21	A=[a1,a1,a2];B=[a2]	M_A_B	2	3	0	3	4	0
192	12	21	A=[a1,a2];B=[a1,a2]	M_A_B	1	1	1	2	4	0
192	13	21	A=[a1];B=[a1,a2,a2]	C_B	2	0	3	1	4	0
192	17	21	A=[a1];B=[a1+a2,a2]	M_A_B	1	0	1	1	2	1
192	23	21	B=[a1,a1+a2,a2]	C_B	1	0	3	0	2	1
192	21	21	B=[a1+a2,a1+a2]	C_B	1	0	1	0	0	2
193	5	21	A=[a1,a1,a2,a2]	M_A_B	2	6	0	4	4	0
193	8	21	A=[a1,a1,a2];B=[a2]	M_A_B	2	3	0	3	4	0
193	12	21	A=[a1,a2];B=[a1,a2]	M_A_B	1	1	1	2	4	0
193	13	21	A=[a1];B=[a1,a2,a2]	C_B	2	0	3	1	4	0
193	17	21	A=[a1];B=[a1+a2,a2]	M_A_B	1	0	1	1	2	1
193	20	21	B=[a1,a1+a2,a2]	C_B	1	0	3	0	2	1
193	21	21	B=[a1,a1+a2+a2]	C_B	1	0	1	0	1	0
194	5	21	A=[a1,a1,a2,a2]	M_A_B	2	6	0	4	4	0
194	8	21	A=[a1,a1,a2];B=[a2]	M_A_B	2	3	0	3	4	0
194	12	21	A=[a1,a2];B=[a1,a2]	M_A_B	1	1	1	2	4	0
194	14	21	A=[a1];B=[a1,a2,a2]	C_B	1	0	3	1	4	0
194	24	21	A=[a1];B=[a1,a2+a2]	C_B	1	0	1	1	2	1
194	20	21	A=[a1];B=[a1+a2+a2]	M_A_B	1	0	0	1	1	0
194	21	21	B=[a1,a1+a2+a2]	C_B	1	0	1	0	1	0
195	5	21	A=[a1,a1,a2,a2]	M_A_B	2	6	0	4	4	0
195	8	21	A=[a1,a1,a2];B=[a2]	M_A_B	2	3	0	3	4	0
195	12	21	A=[a1,a2];B=[a1,a2]	M_A_B	1	1	1	2	4	0
195	14	21	A=[a1];B=[a1,a2,a2]	C_B	1	0	3	1	4	0
195	18	21	A=[a1];B=[a1,a2+a2]	M_A_B	1	0	1	1	2	1
195	19	21	B=[a1,a1,a2+a2]	C_B	1	0	3	0	2	1
195	21	21	B=[a1+a1,a2+a2]	C_B	1	0	1	0	0	2
196	5	21	A=[a1,a1,a2,a2]	M_A_B	2	6	0	4	4	0
196	8	21	A=[a1,a1,a2];B=[a2]	M_A_B	2	3	0	3	4	0
196	12	21	A=[a1,a2];B=[a1,a2]	M_A_B	1	1	1	2	4	0
196	14	21	A=[a1];B=[a1,a2,a2]	C_B	1	0	3	1	4	0
196	18	21	A=[a1];B=[a1,a2+a2]	M_A_B	1	0	1	1	2	1
196	20	21	B=[a1,a1,a2+a2]	C_B	2	0	3	0	2	1
196	21	21	B=[a1,a1+a2+a2]	C_B	1	0	1	0	1	0
197	5	21	A=[a1,a1,a2,a2]	M_A_B	2	6	0	4	4	0
197	8	21	A=[a1,a1,a2];B=[a2]	M_A_B	2	3	0	3	4	0
197	12	21	A=[a1,a2];B=[a1,a2]	M_A_B	1	1	1	2	4	0
197	15	21	A=[a1];B=[a1,a2,a2]	M_A_B	1	0	3	1	4	0
197	16	21	B=[a1,a1,a2,a2]	C_B	1	0	6	0	4	0
197	22	21	B=[a1+a1,a2,a2]	C_B	2	0	3	0	2	1
197	21	21	B=[a1+a1+a2,a2]	C_B	1	0	1	0	1	0
198	5	21	A=[a1,a1,a2,a2]	M_A_B	2	6	0	4	4	0
198	8	21	A=[a1,a1,a2];B=[a2]	M_A_B	2	3	0	3	4	0
198	12	21	A=[a1,a2];B=[a1,a2]	M_A_B	1	1	1	2	4	0
198	15	21	A=[a1];B=[a1,a2,a2]	M_A_B	1	0	3	1	4	0
198	16	21	B=[a1,a1,a2,a2]	C_B	1	0	6	0	4	0
198	19	21	B=[a1+a1,a2,a2]	C_B	1	0	3	0	2	1
198	21	21	B=[a1+a1,a2+a2]	C_B	1	0	1	0	0	2
199	5	21	A=[a1,a1,a2,a2]	M_A_B	2	6	0	4	4	0
199	8	21	A=[a1,a1,a2];B=[a2]	M_A_B	2	3	0	3	4	0
199	12	21	A=[a1,a2];B=[a1,a2]	M_A_B	1	1	1	2	4	0
199	15	21	A=[a1];B=[a1,a2,a2]	M_A_B	1	0	3	1	4	0
199	17	21	B=[a1,a1,a2,a2]	C_B	4	0	6	0	4	0
199	22	21	B=[a1,a1+a2,a2]	C_B	1	0	3	0	2	1
199	21	21	B=[a1+a1+a2,a2]	C_B	1	0	1	0	1	0
200	5	21	A=[a1,a1,a2,a2]	M_A_B	2	6	0	4	4	0
200	8	21	A=[a1,a1,a2];B=[a2]	M_A_B	2	3	0	3	4	0
200	12	21	A=[a1,a2];B=[a1,a2]	M_A_B	1	1	1	2	4	0
200	15	21	A=[a1];B=[a1,a2,a2]	M_A_B	1	0	3	1	4	0
200	17	21	B=[a1,a1,a2,a2]	C_B	4	0	6	0	4	0
200	23	21	B=[a1,a1+a2,a2]	C_B	1	0	3	0	2	1
200	21	21	B=[a1+a2,a1+a2]	C_B	1	0	1	0	0	2
201	5	21	A=[a1,a1,a2,a2]	M_A_B	2	6	0	4	4	0
201	8	21	A=[a1,a1,a2];B=[a2]	M_A_B	2	3	0	3	4	0
201	12	21	A=[a1,a2];B=[a1,a2]	M_A_B	1	1	1	2	4	0
201	15	21	A=[a1];B=[a1,a2,a2]	M_A_B	1	0	3	1	4	0
201	17	21	B=[a1,a1,a2,a2]	C_B	4	0	6	0	4	0
201	20	21	B=[a1,a1+a2,a2]	C_B	1	0	3	0	2	1
201	21	21	B=[a1,a1+a2+a2]	C_B	1	0	1	0	1	0
202	5	21	A=[a1,a1,a2,a2]	M_A_B	2	6	0	4	4	0
202	8	21	A=[a1,a1,a2];B=[a2]	M_A_B	2	3	0	3	4	0
202	12	21	A=[a1,a2];B=[a1,a2]	M_A_B	1	1	1	2	4	0
202	15	21	A=[a1];B=[a1,a2,a2]	M_A_B	1	0	3	1	4	0
202	18	21	B=[a1,a1,a2,a2]	C_B	1	0	6	0	4	0
202	19	21	B=[a1,a1,a2+a2]	C_B	1	0	3	0	2	1
202	21	21	B=[a1+a1,a2+a2]	C_B	1	0	1	0	0	2
203	5	21	A=[a1,a1,a2,a2]	M_A_B	2	6	0	4	4	0
203	8	21	A=[a1,a1,a2];B=[a2]	M_A_B	2	3	0	3	4	0
203	12	21	A=[a1,a2];B=[a1,a2]	M_A_B	1	1	1	2	4	0
203	15	21	A=[a1];B=[a1,a2,a2]	M_A_B	1	0	3	1	4	0
203	18	21	B=[a1,a1,a2,a2]	C_B	1	0	6	0	4	0
203	20	21	B=[a1,a1,a2+a2]	C_B	2	0	3	0	2	1
203	21	21	B=[a1,a1+a2+a2]	C_B	1	0	1	0	1	0
204	5	21	A=[a1,a1,a2,a2]	M_A_B	2	6	0	4	4	0
204	9	21	A=[a1,a1,a2];B=[a2]	M_A_B	1	3	0	3	4	0
204	10	21	A=[a1,a1];B=[a2,a2]	C_A	1	1	1	2	4	0
204	25	21	A=[a1+a1];B=[a2,a2]	C_B	1	0	1	1	2	1
204	19	21	A=[a1+a1];B=[a2+a2]	M_A_B	1	0	0	1	0	2
204	21	21	B=[a1+a1,a2+a2]	C_B	1	0	1	0	0	2
205	5	21	A=[a1,a1,a2,a2]	M_A_B	2	6	0	4	4	0
205	9	21	A=[a1,a1,a2];B=[a2]	M_A_B	1	3	0	3	4	0
205	10	21	A=[a1,a1];B=[a2,a2]	C_A	1	1	1	2	4	0
205	16	21	A=[a1+a1];B=[a2,a2]	M_A_B	1	0	1	1	2	1
205	22	21	B=[a1+a1,a2,a2]	C_B	2	0	3	0	2	1
205	21	21	B=[a1+a1+a2,a2]	C_B	1	0	1	0	1	0
206	5	21	A=[a1,a1,a2,a2]	M_A_B	2	6	0	4	4	0
206	9	21	A=[a1,a1,a2];B=[a2]	M_A_B	1	3	0	3	4	0
206	10	21	A=[a1,a1];B=[a2,a2]	C_A	1	1	1	2	4	0
206	16	21	A=[a1+a1];B=[a2,a2]	M_A_B	1	0	1	1	2	1
206	19	21	B=[a1+a1,a2,a2]	C_B	1	0	3	0	2	1
206	21	21	B=[a1+a1,a2+a2]	C_B	1	0	1	0	0	2
207	5	21	A=[a1,a1,a2,a2]	M_A_B	2	6	0	4	4	0
207	9	21	A=[a1,a1,a2];B=[a2]	M_A_B	1	3	0	3	4	0
207	11	21	A=[a1,a1];B=[a2,a2]	C_B	1	1	1	2	4	0
207	25	21	A=[a1,a1];B=[a2+a2]	C_A	1	1	0	2	2	1
207	19	21	A=[a1+a1];B=[a2+a2]	M_A_B	1	0	0	1	0	2
207	21	21	B=[a1+a1,a2+a2]	C_B	1	0	1	0	0	2
208	5	21	A=[a1,a1,a2,a2]	M_A_B	2	6	0	4	4	0
208	9	21	A=[a1,a1,a2];B=[a2]	M_A_B	1	3	0	3	4	0
208	11	21	A=[a1,a1];B=[a2,a2]	C_B	1	1	1	2	4	0
208	14	21	A=[a1,a1];B=[a2+a2]	M_A_B	2	1	0	2	2	1
208	24	21	A=[a1];B=[a1,a2+a2]	C_B	1	0	1	1	2	1
208	20	21	A=[a1];B=[a1+a2+a2]	M_A_B	1	0	0	1	1	0
208	21	21	B=[a1,a1+a2+a2]	C_B	1	0	1	0	1	0
209	5	21	A=[a1,a1,a2,a2]	M_A_B	2	6	0	4	4	0
209	9	21	A=[a1,a1,a2];B=[a2]	M_A_B	1	3	0	3	4	0
209	11	21	A=[a1,a1];B=[a2,a2]	C_B	1	1	1	2	4	0
209	14	21	A=[a1,a1];B=[a2+a2]	M_A_B	2	1	0	2	2	1
209	18	21	A=[a1];B=[a1,a2+a2]	M_A_B	1	0	1	1	2	1
209	19	21	B=[a1,a1,a2+a2]	C_B	1	0	3	0	2	1
209	21	21	B=[a1+a1,a2+a2]	C_B	1	0	1	0	0	2
210	5	21	A=[a1,a1,a2,a2]	M_A_B	2	6	0	4	4	0
210	9	21	A=[a1,a1,a2];B=[a2]	M_A_B	1	3	0	3	4	0
210	11	21	A=[a1,a1];B=[a2,a2]	C_B	1	1	1	2	4	0
210	14	21	A=[a1,a1];B=[a2+a2]	M_A_B	2	1	0	2	2	1
210	18	21	A=[a1];B=[a1,a2+a2]	M_A_B	1	0	1	1	2	1
210	20	21	B=[a1,a1,a2+a2]	C_B	2	0	3	0	2	1
210	21	21	B=[a1,a1+a2+a2]	C_B	1	0	1	0	1	0
211	5	21	A=[a1,a1,a2,a2]	M_A_B	2	6	0	4	4	0
211	9	21	A=[a1,a1,a2];B=[a2]	M_A_B	1	3	0	3	4	0
211	12	21	A=[a1,a1];B=[a2,a2]	M_A_B	2	1	1	2	4	0
211	13	21	A=[a1];B=[a1,a2,a2]	C_B	2	0	3	1	4	0
211	24	21	A=[a1];B=[a1+a2,a2]	C_B	1	0	1	1	2	1
211	20	21	A=[a1];B=[a1+a2+a2]	M_A_B	1	0	0	1	1	0
211	21	21	B=[a1,a1+a2+a2]	C_B	1	0	1	0	1	0
212	5	21	A=[a1,a1,a2,a2]	M_A_B	2	6	0	4	4	0
212	9	21	A=[a1,a1,a2];B=[a2]	M_A_B	1	3	0	3	4	0
212	12	21	A=[a1,a1];B=[a2,a2]	M_A_B	2	1	1	2	4	0
212	13	21	A=[a1];B=[a1,a2,a2]	C_B	2	0	3	1	4	0
212	17	21	A=[a1];B=[a1+a2,a2]	M_A_B	1	0	1	1	2	1
212	22	21	B=[a1,a1+a2,a2]	C_B	1	0	3	0	2	1
212	21	21	B=[a1+a1+a2,a2]	C_B	1	0	1	0	1	0
213	5	21	A=[a1,a1,a2,a2]	M_A_B	2	6	0	4	4	0
213	9	21	A=[a1,a1,a2];B=[a2]	M_A_B	1	3	0	3	4	0
213	12	21	A=[a1,a1];B=[a2,a2]	M_A_B	2	1	1	2	4	0
213	13	21	A=[a1];B=[a1,a2,a2]	C_B	2	0	3	1	4	0
213	17	21	A=[a1];B=[a1+a2,a2]	M_A_B	1	0	1	1	2	1
213	23	21	B=[a1,a1+a2,a2]	C_B	1	0	3	0	2	1
213	21	21	B=[a1+a2,a1+a2]	C_B	1	0	1	0	0	2
214	5	21	A=[a1,a1,a2,a2]	M_A_B	2	6	0	4	4	0
214	9	21	A=[a1,a1,a2];B=[a2]	M_A_B	1	3	0	3	4	0
214	12	21	A=[a1,a1];B=[a2,a2]	M_A_B	2	1	1	2	4	0
214	13	21	A=[a1];B=[a1,a2,a2]	C_B	2	0	3	1	4	0
214	17	21	A=[a1];B=[a1+a2,a2]	M_A_B	1	0	1	1	2	1
214	20	21	B=[a1,a1+a2,a2]	C_B	1	0	3	0	2	1
214	21	21	B=[a1,a1+a2+a2]	C_B	1	0	1	0	1	0
215	5	21	A=[a1,a1,a2,a2]	M_A_B	2	6	0	4	4	0
215	9	21	A=[a1,a1,a2];B=[a2]	M_A_B	1	3	0	3	4	0
215	12	21	A=[a1,a1];B=[a2,a2]	M_A_B	2	1	1	2	4	0
215	14	21	A=[a1];B=[a1,a2,a2]	C_B	1	0	3	1	4	0
215	24	21	A=[a1];B=[a1,a2+a2]	C_B	1	0	1	1	2	1
215	20	21	A=[a1];B=[a1+a2+a2]	M_A_B	1	0	0	1	1	0
215	21	21	B=[a1,a1+a2+a2]	C_B	1	0	1	0	1	0
216	5	21	A=[a1,a1,a2,a2]	M_A_B	2	6	0	4	4	0
216	9	21	A=[a1,a1,a2];B=[a2]	M_A_B	1	3	0	3	4	0
216	12	21	A=[a1,a1];B=[a2,a2]	M_A_B	2	1	1	2	4	0
216	14	21	A=[a1];B=[a1,a2,a2]	C_B	1	0	3	1	4	0
216	18	21	A=[a1];B=[a1,a2+a2]	M_A_B	1	0	1	1	2	1
216	19	21	B=[a1,a1,a2+a2]	C_B	1	0	3	0	2	1
216	21	21	B=[a1+a1,a2+a2]	C_B	1	0	1	0	0	2
217	5	21	A=[a1,a1,a2,a2]	M_A_B	2	6	0	4	4	0
217	9	21	A=[a1,a1,a2];B=[a2]	M_A_B	1	3	0	3	4	0
217	12	21	A=[a1,a1];B=[a2,a2]	M_A_B	2	1	1	2	4	0
217	14	21	A=[a1];B=[a1,a2,a2]	C_B	1	0	3	1	4	0
217	18	21	A=[a1];B=[a1,a2+a2]	M_A_B	1	0	1	1	2	1
217	20	21	B=[a1,a1,a2+a2]	C_B	2	0	3	0	2	1
217	21	21	B=[a1,a1+a2+a2]	C_B	1	0	1	0	1	0
218	5	21	A=[a1,a1,a2,a2]	M_A_B	2	6	0	4	4	0
218	9	21	A=[a1,a1,a2];B=[a2]	M_A_B	1	3	0	3	4	0
218	12	21	A=[a1,a1];B=[a2,a2]	M_A_B	2	1	1	2	4	0
218	15	21	A=[a1];B=[a1,a2,a2]	M_A_B	1	0	3	1	4	0
218	16	21	B=[a1,a1,a2,a2]	C_B	1	0	6	0	4	0
218	22	21	B=[a1+a1,a2,a2]	C_B	2	0	3	0	2	1
218	21	21	B=[a1+a1+a2,a2]	C_B	1	0	1	0	1	0
219	5	21	A=[a1,a1,a2,a2]	M_A_B	2	6	0	4	4	0
219	9	21	A=[a1,a1,a2];B=[a2]	M_A_B	1	3	0	3	4	0
219	12	21	A=[a1,a1];B=[a2,a2]	M_A_B	2	1	1	2	4	0
219	15	21	A=[a1];B=[a1,a2,a2]	M_A_B	1	0	3	1	4	0
219	16	21	B=[a1,a1,a2,a2]	C_B	1	0	6	0	4	0
219	19	21	B=[a1+a1,a2,a2]	C_B	1	0	3	0	2	1
219	21	21	B=[a1+a1,a2+a2]	C_B	1	0	1	0	0	2
220	5	21	A=[a1,a1,a2,a2]	M_A_B	2	6	0	4	4	0
220	9	21	A=[a1,a1,a2];B=[a2]	M_A_B	1	3	0	3	4	0
220	12	21	A=[a1,a1];B=[a2,a2]	M_A_B	2	1	1	2	4	0
220	15	21	A=[a1];B=[a1,a2,a2]	M_A_B	1	0	3	1	4	0
220	17	21	B=[a1,a1,a2,a2]	C_B	4	0	6	0	4	0
220	22	21	B=[a1,a1+a2,a2]	C_B	1	0	3	0	2	1
220	21	21	B=[a1+a1+a2,a2]	C_B	1	0	1	0	1	0
221	5	21	A=[a1,a1,a2,a2]	M_A_B	2	6	0	4	4	0
221	9	21	A=[a1,a1,a2];B=[a2]	M_A_B	1	3	0	3	4	0
221	12	21	A=[a1,a1];B=[a2,a2]	M_A_B	2	1	1	2	4	0
221	15	21	A=[a1];B=[a1,a2,a2]	M_A_B	1	0	3	1	4	0
221	17	21	B=[a1,a1,a2,a2]	C_B	4	0	6	0	4	0
221	23	21	B=[a1,a1+a2,a2]	C_B	1	0	3	0	2	1
221	21	21	B=[a1+a2,a1+a2]	C_B	1	0	1	0	0	2
222	5	21	A=[a1,a1,a2,a2]	M_A_B	2	6	0	4	4	0
222	9	21	A=[a1,a1,a2];B=[a2]	M_A_B	1	3	0	3	4	0
222	12	21	A=[a1,a1];B=[a2,a2]	M_A_B	2	1	1	2	4	0
222	15	21	A=[a1];B=[a1,a2,a2]	M_A_B	1	0	3	1	4	0
222	17	21	B=[a1,a1,a2,a2]	C_B	4	0	6	0	4	0
222	20	21	B=[a1,a1+a2,a2]	C_B	1	0	3	0	2	1
222	21	21	B=[a1,a1+a2+a2]	C_B	1	0	1	0	1	0
223	5	21	A=[a1,a1,a2,a2]	M_A_B	2	6	0	4	4	0
223	9	21	A=[a1,a1,a2];B=[a2]	M_A_B	1	3	0	3	4	0
223	12	21	A=[a1,a1];B=[a2,a2]	M_A_B	2	1	1	2	4	0
223	15	21	A=[a1];B=[a1,a2,a2]	M_A_B	1	0	3	1	4	0
223	18	21	B=[a1,a1,a2,a2]	C_B	1	0	6	0	4	0
223	19	21	B=[a1,a1,a2+a2]	C_B	1	0	3	0	2	1
223	21	21	B=[a1+a1,a2+a2]	C_B	1	0	1	0	0	2
224	5	21	A=[a1,a1,a2,a2]	M_A_B	2	6	0	4	4	0
224	9	21	A=[a1,a1,a2];B=[a2]	M_A_B	1	3	0	3	4	0
224	12	21	A=[a1,a1];B=[a2,a2]	M_A_B	2	1	1	2	4	0
224	15	21	A=[a1];B=[a1,a2,a2]	M_A_B	1	0	3	1	4	0
224	18	21	B=[a1,a1,a2,a2]	C_B	1	0	6	0	4	0
224	20	21	B=[a1,a1,a2+a2]	C_B	2	0	3	0	2	1
224	21	21	B=[a1,a1+a2+a2]	C_B	1	0	1	0	1	0
